Individual Losses: 1.3656, 1.3523, 1.3557, 1.3585, 1.3553, 1.3488, 1.3499, 1.3471, 
Epoch: 000, Loss: 1.3471
Individual Losses: 1.3481, 1.3483, 1.3453, 1.3456, 1.3408, 1.3397, 1.3442, 1.3398, 
Epoch: 001, Loss: 1.3398
Individual Losses: 1.3438, 1.3339, 1.3337, 1.3362, 1.3304, 1.3311, 1.3353, 1.3338, 
Epoch: 002, Loss: 1.3338
Individual Losses: 1.3350, 1.3218, 1.3188, 1.3261, 1.3178, 1.3186, 1.3276, 1.3219, 
Epoch: 003, Loss: 1.3219
Individual Losses: 1.3275, 1.3061, 1.3009, 1.3138, 1.3010, 1.3052, 1.3172, 1.3120, 
Epoch: 004, Loss: 1.3120
Individual Losses: 1.3193, 1.2881, 1.2798, 1.2998, 1.2824, 1.2896, 1.3093, 1.3038, 
Epoch: 005, Loss: 1.3038
Individual Losses: 1.3122, 1.2689, 1.2560, 1.2865, 1.2636, 1.2759, 1.3055, 1.2989, 
Epoch: 006, Loss: 1.2989
Individual Losses: 1.3095, 1.2521, 1.2349, 1.2765, 1.2475, 1.2666, 1.3069, 1.3008, 
Epoch: 007, Loss: 1.3008
Individual Losses: 1.3107, 1.2405, 1.2199, 1.2708, 1.2365, 1.2613, 1.3111, 1.3059, 
Epoch: 008, Loss: 1.3059
Individual Losses: 1.3129, 1.2333, 1.2114, 1.2678, 1.2305, 1.2574, 1.3138, 1.3091, 
Epoch: 009, Loss: 1.3091
Individual Losses: 1.3135, 1.2285, 1.2071, 1.2659, 1.2277, 1.2537, 1.3137, 1.3082, 
Epoch: 010, Loss: 1.3082
Individual Losses: 1.3126, 1.2257, 1.2054, 1.2643, 1.2261, 1.2507, 1.3120, 1.3047, 
Epoch: 011, Loss: 1.3047
Individual Losses: 1.3109, 1.2244, 1.2052, 1.2629, 1.2251, 1.2482, 1.3100, 1.3012, 
Epoch: 012, Loss: 1.3012
Individual Losses: 1.3091, 1.2236, 1.2056, 1.2617, 1.2244, 1.2461, 1.3083, 1.2984, 
Epoch: 013, Loss: 1.2984
Individual Losses: 1.3073, 1.2227, 1.2059, 1.2607, 1.2238, 1.2440, 1.3069, 1.2962, 
Epoch: 014, Loss: 1.2962
Individual Losses: 1.3058, 1.2215, 1.2058, 1.2597, 1.2230, 1.2420, 1.3059, 1.2943, 
Epoch: 015, Loss: 1.2943
Individual Losses: 1.3047, 1.2203, 1.2053, 1.2587, 1.2219, 1.2402, 1.3053, 1.2928, 
Epoch: 016, Loss: 1.2928
Individual Losses: 1.3039, 1.2191, 1.2047, 1.2577, 1.2208, 1.2385, 1.3049, 1.2916, 
Epoch: 017, Loss: 1.2916
Individual Losses: 1.3032, 1.2178, 1.2040, 1.2568, 1.2198, 1.2369, 1.3045, 1.2905, 
Epoch: 018, Loss: 1.2905
Individual Losses: 1.3026, 1.2165, 1.2034, 1.2559, 1.2189, 1.2353, 1.3041, 1.2894, 
Epoch: 019, Loss: 1.2894
Individual Losses: 1.3020, 1.2153, 1.2028, 1.2550, 1.2180, 1.2338, 1.3037, 1.2882, 
Epoch: 020, Loss: 1.2882
Individual Losses: 1.3014, 1.2142, 1.2023, 1.2542, 1.2171, 1.2323, 1.3034, 1.2871, 
Epoch: 021, Loss: 1.2871
Individual Losses: 1.3008, 1.2131, 1.2018, 1.2533, 1.2164, 1.2309, 1.3030, 1.2859, 
Epoch: 022, Loss: 1.2859
Individual Losses: 1.3003, 1.2121, 1.2013, 1.2525, 1.2157, 1.2296, 1.3026, 1.2847, 
Epoch: 023, Loss: 1.2847
Individual Losses: 1.2998, 1.2110, 1.2009, 1.2517, 1.2150, 1.2283, 1.3022, 1.2836, 
Epoch: 024, Loss: 1.2836
Individual Losses: 1.2993, 1.2100, 1.2005, 1.2510, 1.2143, 1.2270, 1.3019, 1.2825, 
Epoch: 025, Loss: 1.2825
Individual Losses: 1.2988, 1.2091, 1.2001, 1.2502, 1.2136, 1.2258, 1.3015, 1.2814, 
Epoch: 026, Loss: 1.2814
Individual Losses: 1.2984, 1.2081, 1.1997, 1.2494, 1.2130, 1.2245, 1.3012, 1.2803, 
Epoch: 027, Loss: 1.2803
Individual Losses: 1.2980, 1.2072, 1.1993, 1.2486, 1.2124, 1.2234, 1.3008, 1.2791, 
Epoch: 028, Loss: 1.2791
Individual Losses: 1.2976, 1.2062, 1.1989, 1.2478, 1.2118, 1.2222, 1.3005, 1.2780, 
Epoch: 029, Loss: 1.2780
Individual Losses: 1.2972, 1.2053, 1.1985, 1.2470, 1.2113, 1.2210, 1.3001, 1.2769, 
Epoch: 030, Loss: 1.2769
Individual Losses: 1.2969, 1.2044, 1.1981, 1.2462, 1.2107, 1.2199, 1.2998, 1.2758, 
Epoch: 031, Loss: 1.2758
Individual Losses: 1.2965, 1.2035, 1.1977, 1.2454, 1.2102, 1.2187, 1.2994, 1.2746, 
Epoch: 032, Loss: 1.2746
Individual Losses: 1.2962, 1.2026, 1.1973, 1.2445, 1.2096, 1.2176, 1.2990, 1.2735, 
Epoch: 033, Loss: 1.2735
Individual Losses: 1.2959, 1.2017, 1.1969, 1.2437, 1.2091, 1.2165, 1.2986, 1.2723, 
Epoch: 034, Loss: 1.2723
Individual Losses: 1.2956, 1.2008, 1.1966, 1.2428, 1.2086, 1.2154, 1.2983, 1.2711, 
Epoch: 035, Loss: 1.2711
Individual Losses: 1.2953, 1.2000, 1.1962, 1.2420, 1.2082, 1.2143, 1.2979, 1.2699, 
Epoch: 036, Loss: 1.2699
Individual Losses: 1.2950, 1.1991, 1.1958, 1.2411, 1.2077, 1.2132, 1.2975, 1.2687, 
Epoch: 037, Loss: 1.2687
Individual Losses: 1.2948, 1.1982, 1.1954, 1.2402, 1.2072, 1.2121, 1.2971, 1.2675, 
Epoch: 038, Loss: 1.2675
Individual Losses: 1.2945, 1.1974, 1.1950, 1.2393, 1.2068, 1.2111, 1.2967, 1.2663, 
Epoch: 039, Loss: 1.2663
Individual Losses: 1.2943, 1.1965, 1.1947, 1.2384, 1.2063, 1.2100, 1.2962, 1.2651, 
Epoch: 040, Loss: 1.2651
Individual Losses: 1.2940, 1.1956, 1.1943, 1.2374, 1.2059, 1.2089, 1.2958, 1.2638, 
Epoch: 041, Loss: 1.2638
Individual Losses: 1.2938, 1.1948, 1.1939, 1.2365, 1.2054, 1.2078, 1.2954, 1.2625, 
Epoch: 042, Loss: 1.2625
Individual Losses: 1.2936, 1.1939, 1.1935, 1.2355, 1.2050, 1.2068, 1.2949, 1.2613, 
Epoch: 043, Loss: 1.2613
Individual Losses: 1.2935, 1.1931, 1.1931, 1.2345, 1.2046, 1.2057, 1.2944, 1.2600, 
Epoch: 044, Loss: 1.2600
Individual Losses: 1.2933, 1.1922, 1.1927, 1.2335, 1.2042, 1.2046, 1.2940, 1.2587, 
Epoch: 045, Loss: 1.2587
Individual Losses: 1.2931, 1.1914, 1.1923, 1.2325, 1.2038, 1.2036, 1.2935, 1.2574, 
Epoch: 046, Loss: 1.2574
Individual Losses: 1.2930, 1.1906, 1.1918, 1.2314, 1.2034, 1.2025, 1.2930, 1.2561, 
Epoch: 047, Loss: 1.2561
Individual Losses: 1.2928, 1.1897, 1.1914, 1.2304, 1.2030, 1.2014, 1.2926, 1.2548, 
Epoch: 048, Loss: 1.2548
Individual Losses: 1.2927, 1.1889, 1.1910, 1.2293, 1.2026, 1.2004, 1.2921, 1.2535, 
Epoch: 049, Loss: 1.2535
Individual Losses: 1.2926, 1.1881, 1.1906, 1.2283, 1.2023, 1.1994, 1.2916, 1.2521, 
Epoch: 050, Loss: 1.2521
Individual Losses: 1.2925, 1.1872, 1.1901, 1.2272, 1.2019, 1.1983, 1.2911, 1.2508, 
Epoch: 051, Loss: 1.2508
Individual Losses: 1.2924, 1.1864, 1.1897, 1.2261, 1.2015, 1.1973, 1.2907, 1.2495, 
Epoch: 052, Loss: 1.2495
Individual Losses: 1.2924, 1.1856, 1.1893, 1.2250, 1.2012, 1.1963, 1.2902, 1.2482, 
Epoch: 053, Loss: 1.2482
Individual Losses: 1.2923, 1.1848, 1.1888, 1.2240, 1.2008, 1.1953, 1.2897, 1.2469, 
Epoch: 054, Loss: 1.2469
Individual Losses: 1.2923, 1.1840, 1.1884, 1.2229, 1.2005, 1.1943, 1.2893, 1.2456, 
Epoch: 055, Loss: 1.2456
Individual Losses: 1.2922, 1.1832, 1.1879, 1.2218, 1.2002, 1.1933, 1.2888, 1.2443, 
Epoch: 056, Loss: 1.2443
Individual Losses: 1.2922, 1.1825, 1.1875, 1.2208, 1.1998, 1.1923, 1.2883, 1.2430, 
Epoch: 057, Loss: 1.2430
Individual Losses: 1.2922, 1.1817, 1.1870, 1.2197, 1.1995, 1.1913, 1.2879, 1.2418, 
Epoch: 058, Loss: 1.2418
Individual Losses: 1.2922, 1.1809, 1.1866, 1.2187, 1.1992, 1.1904, 1.2875, 1.2405, 
Epoch: 059, Loss: 1.2405
Individual Losses: 1.2922, 1.1802, 1.1861, 1.2176, 1.1989, 1.1894, 1.2870, 1.2393, 
Epoch: 060, Loss: 1.2393
Individual Losses: 1.2922, 1.1795, 1.1857, 1.2166, 1.1986, 1.1885, 1.2866, 1.2380, 
Epoch: 061, Loss: 1.2380
Individual Losses: 1.2922, 1.1787, 1.1852, 1.2156, 1.1983, 1.1876, 1.2862, 1.2368, 
Epoch: 062, Loss: 1.2368
Individual Losses: 1.2922, 1.1780, 1.1848, 1.2146, 1.1980, 1.1867, 1.2858, 1.2356, 
Epoch: 063, Loss: 1.2356
Individual Losses: 1.2922, 1.1773, 1.1844, 1.2136, 1.1977, 1.1858, 1.2854, 1.2344, 
Epoch: 064, Loss: 1.2344
Individual Losses: 1.2922, 1.1766, 1.1839, 1.2126, 1.1974, 1.1849, 1.2850, 1.2332, 
Epoch: 065, Loss: 1.2332
Individual Losses: 1.2922, 1.1759, 1.1835, 1.2117, 1.1971, 1.1841, 1.2846, 1.2321, 
Epoch: 066, Loss: 1.2321
Individual Losses: 1.2922, 1.1752, 1.1831, 1.2107, 1.1968, 1.1832, 1.2842, 1.2309, 
Epoch: 067, Loss: 1.2309
Individual Losses: 1.2922, 1.1746, 1.1827, 1.2098, 1.1965, 1.1824, 1.2838, 1.2298, 
Epoch: 068, Loss: 1.2298
Individual Losses: 1.2922, 1.1739, 1.1823, 1.2089, 1.1962, 1.1816, 1.2834, 1.2286, 
Epoch: 069, Loss: 1.2286
Individual Losses: 1.2922, 1.1733, 1.1819, 1.2080, 1.1960, 1.1807, 1.2831, 1.2275, 
Epoch: 070, Loss: 1.2275
Individual Losses: 1.2922, 1.1726, 1.1815, 1.2071, 1.1957, 1.1800, 1.2827, 1.2264, 
Epoch: 071, Loss: 1.2264
Individual Losses: 1.2922, 1.1720, 1.1811, 1.2063, 1.1954, 1.1792, 1.2823, 1.2253, 
Epoch: 072, Loss: 1.2253
Individual Losses: 1.2921, 1.1714, 1.1807, 1.2054, 1.1952, 1.1784, 1.2820, 1.2242, 
Epoch: 073, Loss: 1.2242
Individual Losses: 1.2921, 1.1708, 1.1804, 1.2046, 1.1949, 1.1776, 1.2816, 1.2231, 
Epoch: 074, Loss: 1.2231
Individual Losses: 1.2921, 1.1702, 1.1800, 1.2038, 1.1946, 1.1769, 1.2813, 1.2221, 
Epoch: 075, Loss: 1.2221
Individual Losses: 1.2921, 1.1696, 1.1796, 1.2030, 1.1944, 1.1762, 1.2810, 1.2210, 
Epoch: 076, Loss: 1.2210
Individual Losses: 1.2921, 1.1690, 1.1793, 1.2022, 1.1941, 1.1754, 1.2806, 1.2200, 
Epoch: 077, Loss: 1.2200
Individual Losses: 1.2920, 1.1684, 1.1789, 1.2014, 1.1939, 1.1747, 1.2803, 1.2190, 
Epoch: 078, Loss: 1.2190
Individual Losses: 1.2920, 1.1679, 1.1786, 1.2006, 1.1936, 1.1740, 1.2800, 1.2180, 
Epoch: 079, Loss: 1.2180
Individual Losses: 1.2920, 1.1673, 1.1782, 1.1999, 1.1934, 1.1733, 1.2797, 1.2170, 
Epoch: 080, Loss: 1.2170
Individual Losses: 1.2919, 1.1667, 1.1779, 1.1992, 1.1931, 1.1727, 1.2794, 1.2160, 
Epoch: 081, Loss: 1.2160
Individual Losses: 1.2919, 1.1662, 1.1776, 1.1984, 1.1929, 1.1720, 1.2791, 1.2150, 
Epoch: 082, Loss: 1.2150
Individual Losses: 1.2918, 1.1657, 1.1773, 1.1977, 1.1927, 1.1713, 1.2788, 1.2141, 
Epoch: 083, Loss: 1.2141
Individual Losses: 1.2918, 1.1651, 1.1769, 1.1970, 1.1924, 1.1707, 1.2785, 1.2131, 
Epoch: 084, Loss: 1.2131
Individual Losses: 1.2917, 1.1646, 1.1766, 1.1963, 1.1922, 1.1700, 1.2782, 1.2122, 
Epoch: 085, Loss: 1.2122
Individual Losses: 1.2917, 1.1641, 1.1763, 1.1957, 1.1919, 1.1694, 1.2779, 1.2112, 
Epoch: 086, Loss: 1.2112
Individual Losses: 1.2916, 1.1636, 1.1760, 1.1950, 1.1917, 1.1688, 1.2776, 1.2103, 
Epoch: 087, Loss: 1.2103
Individual Losses: 1.2916, 1.1631, 1.1757, 1.1943, 1.1915, 1.1682, 1.2773, 1.2094, 
Epoch: 088, Loss: 1.2094
Individual Losses: 1.2915, 1.1626, 1.1754, 1.1937, 1.1912, 1.1676, 1.2770, 1.2085, 
Epoch: 089, Loss: 1.2085
Individual Losses: 1.2914, 1.1621, 1.1752, 1.1931, 1.1910, 1.1670, 1.2767, 1.2076, 
Epoch: 090, Loss: 1.2076
Individual Losses: 1.2914, 1.1616, 1.1749, 1.1924, 1.1908, 1.1664, 1.2765, 1.2067, 
Epoch: 091, Loss: 1.2067
Individual Losses: 1.2913, 1.1611, 1.1746, 1.1918, 1.1906, 1.1658, 1.2762, 1.2059, 
Epoch: 092, Loss: 1.2059
Individual Losses: 1.2912, 1.1606, 1.1743, 1.1912, 1.1903, 1.1652, 1.2759, 1.2050, 
Epoch: 093, Loss: 1.2050
Individual Losses: 1.2911, 1.1601, 1.1741, 1.1906, 1.1901, 1.1646, 1.2757, 1.2041, 
Epoch: 094, Loss: 1.2041
Individual Losses: 1.2910, 1.1597, 1.1738, 1.1900, 1.1899, 1.1641, 1.2754, 1.2033, 
Epoch: 095, Loss: 1.2033
Individual Losses: 1.2910, 1.1592, 1.1735, 1.1895, 1.1897, 1.1635, 1.2751, 1.2025, 
Epoch: 096, Loss: 1.2025
Individual Losses: 1.2909, 1.1588, 1.1733, 1.1889, 1.1894, 1.1630, 1.2749, 1.2016, 
Epoch: 097, Loss: 1.2016
Individual Losses: 1.2908, 1.1583, 1.1730, 1.1883, 1.1892, 1.1624, 1.2746, 1.2008, 
Epoch: 098, Loss: 1.2008
Individual Losses: 1.2907, 1.1579, 1.1728, 1.1878, 1.1890, 1.1619, 1.2744, 1.2000, 
Epoch: 099, Loss: 1.2000
Individual Losses: 1.2906, 1.1574, 1.1726, 1.1873, 1.1888, 1.1614, 1.2742, 1.1992, 
Epoch: 100, Loss: 1.1992
Individual Losses: 1.2905, 1.1570, 1.1723, 1.1867, 1.1886, 1.1609, 1.2739, 1.1984, 
Epoch: 101, Loss: 1.1984
Individual Losses: 1.2904, 1.1566, 1.1721, 1.1862, 1.1884, 1.1604, 1.2737, 1.1976, 
Epoch: 102, Loss: 1.1976
Individual Losses: 1.2903, 1.1562, 1.1718, 1.1857, 1.1882, 1.1598, 1.2734, 1.1969, 
Epoch: 103, Loss: 1.1969
Individual Losses: 1.2902, 1.1557, 1.1716, 1.1852, 1.1880, 1.1593, 1.2732, 1.1961, 
Epoch: 104, Loss: 1.1961
Individual Losses: 1.2901, 1.1553, 1.1714, 1.1847, 1.1878, 1.1589, 1.2730, 1.1953, 
Epoch: 105, Loss: 1.1953
Individual Losses: 1.2900, 1.1549, 1.1712, 1.1842, 1.1875, 1.1584, 1.2727, 1.1946, 
Epoch: 106, Loss: 1.1946
Individual Losses: 1.2899, 1.1545, 1.1709, 1.1837, 1.1873, 1.1579, 1.2725, 1.1938, 
Epoch: 107, Loss: 1.1938
Individual Losses: 1.2898, 1.1541, 1.1707, 1.1832, 1.1871, 1.1574, 1.2723, 1.1931, 
Epoch: 108, Loss: 1.1931
Individual Losses: 1.2897, 1.1537, 1.1705, 1.1827, 1.1869, 1.1569, 1.2721, 1.1924, 
Epoch: 109, Loss: 1.1924
Individual Losses: 1.2896, 1.1533, 1.1703, 1.1822, 1.1867, 1.1565, 1.2719, 1.1916, 
Epoch: 110, Loss: 1.1916
Individual Losses: 1.2895, 1.1529, 1.1701, 1.1818, 1.1865, 1.1560, 1.2716, 1.1909, 
Epoch: 111, Loss: 1.1909
Individual Losses: 1.2894, 1.1525, 1.1699, 1.1813, 1.1863, 1.1555, 1.2714, 1.1902, 
Epoch: 112, Loss: 1.1902
Individual Losses: 1.2893, 1.1522, 1.1697, 1.1808, 1.1861, 1.1551, 1.2712, 1.1895, 
Epoch: 113, Loss: 1.1895
Individual Losses: 1.2891, 1.1518, 1.1695, 1.1804, 1.1860, 1.1546, 1.2710, 1.1888, 
Epoch: 114, Loss: 1.1888
Individual Losses: 1.2890, 1.1514, 1.1693, 1.1799, 1.1858, 1.1542, 1.2708, 1.1881, 
Epoch: 115, Loss: 1.1881
Individual Losses: 1.2889, 1.1510, 1.1691, 1.1795, 1.1856, 1.1538, 1.2706, 1.1874, 
Epoch: 116, Loss: 1.1874
Individual Losses: 1.2888, 1.1507, 1.1689, 1.1791, 1.1854, 1.1533, 1.2704, 1.1867, 
Epoch: 117, Loss: 1.1867
Individual Losses: 1.2887, 1.1503, 1.1687, 1.1787, 1.1852, 1.1529, 1.2702, 1.1861, 
Epoch: 118, Loss: 1.1861
Individual Losses: 1.2886, 1.1500, 1.1685, 1.1782, 1.1850, 1.1525, 1.2700, 1.1854, 
Epoch: 119, Loss: 1.1854
Individual Losses: 1.2884, 1.1496, 1.1683, 1.1778, 1.1848, 1.1520, 1.2698, 1.1848, 
Epoch: 120, Loss: 1.1848
Individual Losses: 1.2883, 1.1493, 1.1682, 1.1774, 1.1846, 1.1516, 1.2696, 1.1841, 
Epoch: 121, Loss: 1.1841
Individual Losses: 1.2882, 1.1489, 1.1680, 1.1770, 1.1844, 1.1512, 1.2694, 1.1835, 
Epoch: 122, Loss: 1.1835
Individual Losses: 1.2881, 1.1486, 1.1678, 1.1766, 1.1843, 1.1508, 1.2692, 1.1828, 
Epoch: 123, Loss: 1.1828
Individual Losses: 1.2880, 1.1482, 1.1676, 1.1762, 1.1841, 1.1504, 1.2690, 1.1822, 
Epoch: 124, Loss: 1.1822
Individual Losses: 1.2878, 1.1479, 1.1674, 1.1758, 1.1839, 1.1500, 1.2688, 1.1816, 
Epoch: 125, Loss: 1.1816
Individual Losses: 1.2877, 1.1476, 1.1673, 1.1754, 1.1837, 1.1496, 1.2686, 1.1809, 
Epoch: 126, Loss: 1.1809
Individual Losses: 1.2876, 1.1472, 1.1671, 1.1750, 1.1835, 1.1492, 1.2685, 1.1803, 
Epoch: 127, Loss: 1.1803
Individual Losses: 1.2875, 1.1469, 1.1669, 1.1746, 1.1834, 1.1488, 1.2683, 1.1797, 
Epoch: 128, Loss: 1.1797
Individual Losses: 1.2873, 1.1466, 1.1667, 1.1743, 1.1832, 1.1484, 1.2681, 1.1791, 
Epoch: 129, Loss: 1.1791
Individual Losses: 1.2872, 1.1463, 1.1666, 1.1739, 1.1830, 1.1481, 1.2679, 1.1785, 
Epoch: 130, Loss: 1.1785
Individual Losses: 1.2871, 1.1459, 1.1664, 1.1735, 1.1828, 1.1477, 1.2677, 1.1779, 
Epoch: 131, Loss: 1.1779
Individual Losses: 1.2870, 1.1456, 1.1662, 1.1732, 1.1827, 1.1473, 1.2676, 1.1773, 
Epoch: 132, Loss: 1.1773
Individual Losses: 1.2868, 1.1453, 1.1661, 1.1728, 1.1825, 1.1469, 1.2674, 1.1767, 
Epoch: 133, Loss: 1.1767
Individual Losses: 1.2867, 1.1450, 1.1659, 1.1724, 1.1823, 1.1466, 1.2672, 1.1761, 
Epoch: 134, Loss: 1.1761
Individual Losses: 1.2866, 1.1447, 1.1658, 1.1721, 1.1822, 1.1462, 1.2671, 1.1756, 
Epoch: 135, Loss: 1.1756
Individual Losses: 1.2865, 1.1444, 1.1656, 1.1717, 1.1820, 1.1458, 1.2669, 1.1750, 
Epoch: 136, Loss: 1.1750
Individual Losses: 1.2863, 1.1441, 1.1654, 1.1714, 1.1818, 1.1455, 1.2667, 1.1744, 
Epoch: 137, Loss: 1.1744
Individual Losses: 1.2862, 1.1438, 1.1653, 1.1710, 1.1817, 1.1451, 1.2665, 1.1739, 
Epoch: 138, Loss: 1.1739
Individual Losses: 1.2861, 1.1435, 1.1651, 1.1707, 1.1815, 1.1448, 1.2664, 1.1733, 
Epoch: 139, Loss: 1.1733
Individual Losses: 1.2860, 1.1432, 1.1650, 1.1704, 1.1813, 1.1444, 1.2662, 1.1727, 
Epoch: 140, Loss: 1.1727
Individual Losses: 1.2858, 1.1429, 1.1648, 1.1700, 1.1812, 1.1441, 1.2661, 1.1722, 
Epoch: 141, Loss: 1.1722
Individual Losses: 1.2857, 1.1427, 1.1647, 1.1697, 1.1810, 1.1437, 1.2659, 1.1717, 
Epoch: 142, Loss: 1.1717
Individual Losses: 1.2856, 1.1424, 1.1645, 1.1694, 1.1809, 1.1434, 1.2657, 1.1711, 
Epoch: 143, Loss: 1.1711
Individual Losses: 1.2854, 1.1421, 1.1644, 1.1691, 1.1807, 1.1431, 1.2656, 1.1706, 
Epoch: 144, Loss: 1.1706
Individual Losses: 1.2853, 1.1418, 1.1642, 1.1687, 1.1805, 1.1427, 1.2654, 1.1700, 
Epoch: 145, Loss: 1.1700
Individual Losses: 1.2852, 1.1416, 1.1641, 1.1684, 1.1804, 1.1424, 1.2653, 1.1695, 
Epoch: 146, Loss: 1.1695
Individual Losses: 1.2851, 1.1413, 1.1639, 1.1681, 1.1802, 1.1421, 1.2651, 1.1690, 
Epoch: 147, Loss: 1.1690
Individual Losses: 1.2849, 1.1410, 1.1638, 1.1678, 1.1801, 1.1417, 1.2650, 1.1685, 
Epoch: 148, Loss: 1.1685
Individual Losses: 1.2848, 1.1407, 1.1636, 1.1675, 1.1799, 1.1414, 1.2648, 1.1680, 
Epoch: 149, Loss: 1.1680
Individual Losses: 1.2847, 1.1405, 1.1635, 1.1672, 1.1798, 1.1411, 1.2647, 1.1675, 
Epoch: 150, Loss: 1.1675
Individual Losses: 1.2845, 1.1402, 1.1634, 1.1669, 1.1796, 1.1408, 1.2645, 1.1669, 
Epoch: 151, Loss: 1.1669
Individual Losses: 1.2844, 1.1400, 1.1632, 1.1666, 1.1795, 1.1405, 1.2644, 1.1664, 
Epoch: 152, Loss: 1.1664
Individual Losses: 1.2843, 1.1397, 1.1631, 1.1663, 1.1793, 1.1402, 1.2642, 1.1659, 
Epoch: 153, Loss: 1.1659
Individual Losses: 1.2842, 1.1395, 1.1629, 1.1660, 1.1792, 1.1399, 1.2641, 1.1655, 
Epoch: 154, Loss: 1.1655
Individual Losses: 1.2840, 1.1392, 1.1628, 1.1657, 1.1790, 1.1395, 1.2639, 1.1650, 
Epoch: 155, Loss: 1.1650
Individual Losses: 1.2839, 1.1390, 1.1627, 1.1654, 1.1789, 1.1392, 1.2638, 1.1645, 
Epoch: 156, Loss: 1.1645
Individual Losses: 1.2838, 1.1387, 1.1625, 1.1651, 1.1787, 1.1389, 1.2636, 1.1640, 
Epoch: 157, Loss: 1.1640
Individual Losses: 1.2836, 1.1385, 1.1624, 1.1648, 1.1786, 1.1386, 1.2635, 1.1635, 
Epoch: 158, Loss: 1.1635
Individual Losses: 1.2835, 1.1382, 1.1623, 1.1646, 1.1785, 1.1384, 1.2633, 1.1630, 
Epoch: 159, Loss: 1.1630
Individual Losses: 1.2834, 1.1380, 1.1621, 1.1643, 1.1783, 1.1381, 1.2632, 1.1626, 
Epoch: 160, Loss: 1.1626
Individual Losses: 1.2833, 1.1378, 1.1620, 1.1640, 1.1782, 1.1378, 1.2631, 1.1621, 
Epoch: 161, Loss: 1.1621
Individual Losses: 1.2831, 1.1375, 1.1619, 1.1637, 1.1780, 1.1375, 1.2629, 1.1616, 
Epoch: 162, Loss: 1.1616
Individual Losses: 1.2830, 1.1373, 1.1617, 1.1635, 1.1779, 1.1372, 1.2628, 1.1612, 
Epoch: 163, Loss: 1.1612
Individual Losses: 1.2829, 1.1371, 1.1616, 1.1632, 1.1778, 1.1369, 1.2626, 1.1607, 
Epoch: 164, Loss: 1.1607
Individual Losses: 1.2828, 1.1368, 1.1615, 1.1629, 1.1776, 1.1366, 1.2625, 1.1603, 
Epoch: 165, Loss: 1.1603
Individual Losses: 1.2826, 1.1366, 1.1613, 1.1627, 1.1775, 1.1363, 1.2624, 1.1598, 
Epoch: 166, Loss: 1.1598
Individual Losses: 1.2825, 1.1364, 1.1612, 1.1624, 1.1774, 1.1361, 1.2622, 1.1593, 
Epoch: 167, Loss: 1.1593
Individual Losses: 1.2824, 1.1362, 1.1611, 1.1621, 1.1772, 1.1358, 1.2621, 1.1589, 
Epoch: 168, Loss: 1.1589
Individual Losses: 1.2822, 1.1359, 1.1610, 1.1619, 1.1771, 1.1355, 1.2620, 1.1585, 
Epoch: 169, Loss: 1.1585
Individual Losses: 1.2821, 1.1357, 1.1608, 1.1616, 1.1770, 1.1353, 1.2618, 1.1580, 
Epoch: 170, Loss: 1.1580
Individual Losses: 1.2820, 1.1355, 1.1607, 1.1614, 1.1768, 1.1350, 1.2617, 1.1576, 
Epoch: 171, Loss: 1.1576
Individual Losses: 1.2819, 1.1353, 1.1606, 1.1611, 1.1767, 1.1347, 1.2616, 1.1571, 
Epoch: 172, Loss: 1.1571
Individual Losses: 1.2817, 1.1351, 1.1604, 1.1609, 1.1766, 1.1345, 1.2614, 1.1567, 
Epoch: 173, Loss: 1.1567
Individual Losses: 1.2816, 1.1349, 1.1603, 1.1606, 1.1765, 1.1342, 1.2613, 1.1563, 
Epoch: 174, Loss: 1.1563
Individual Losses: 1.2815, 1.1347, 1.1602, 1.1604, 1.1763, 1.1339, 1.2612, 1.1559, 
Epoch: 175, Loss: 1.1559
Individual Losses: 1.2814, 1.1344, 1.1601, 1.1601, 1.1762, 1.1337, 1.2610, 1.1554, 
Epoch: 176, Loss: 1.1554
Individual Losses: 1.2812, 1.1342, 1.1599, 1.1599, 1.1761, 1.1334, 1.2609, 1.1550, 
Epoch: 177, Loss: 1.1550
Individual Losses: 1.2811, 1.1340, 1.1598, 1.1597, 1.1760, 1.1332, 1.2608, 1.1546, 
Epoch: 178, Loss: 1.1546
Individual Losses: 1.2810, 1.1338, 1.1597, 1.1594, 1.1758, 1.1329, 1.2607, 1.1542, 
Epoch: 179, Loss: 1.1542
Individual Losses: 1.2809, 1.1336, 1.1596, 1.1592, 1.1757, 1.1327, 1.2605, 1.1538, 
Epoch: 180, Loss: 1.1538
Individual Losses: 1.2807, 1.1334, 1.1595, 1.1589, 1.1756, 1.1324, 1.2604, 1.1534, 
Epoch: 181, Loss: 1.1534
Individual Losses: 1.2806, 1.1332, 1.1593, 1.1587, 1.1755, 1.1322, 1.2603, 1.1530, 
Epoch: 182, Loss: 1.1530
Individual Losses: 1.2805, 1.1331, 1.1592, 1.1585, 1.1754, 1.1319, 1.2602, 1.1526, 
Epoch: 183, Loss: 1.1526
Individual Losses: 1.2803, 1.1329, 1.1591, 1.1583, 1.1752, 1.1317, 1.2600, 1.1522, 
Epoch: 184, Loss: 1.1522
Individual Losses: 1.2802, 1.1327, 1.1590, 1.1580, 1.1751, 1.1315, 1.2599, 1.1518, 
Epoch: 185, Loss: 1.1518
Individual Losses: 1.2801, 1.1325, 1.1588, 1.1578, 1.1750, 1.1312, 1.2598, 1.1514, 
Epoch: 186, Loss: 1.1514
Individual Losses: 1.2800, 1.1323, 1.1587, 1.1576, 1.1749, 1.1310, 1.2597, 1.1510, 
Epoch: 187, Loss: 1.1510
Individual Losses: 1.2798, 1.1321, 1.1586, 1.1574, 1.1748, 1.1308, 1.2595, 1.1506, 
Epoch: 188, Loss: 1.1506
Individual Losses: 1.2797, 1.1319, 1.1585, 1.1571, 1.1747, 1.1305, 1.2594, 1.1502, 
Epoch: 189, Loss: 1.1502
Individual Losses: 1.2796, 1.1317, 1.1584, 1.1569, 1.1746, 1.1303, 1.2593, 1.1498, 
Epoch: 190, Loss: 1.1498
Individual Losses: 1.2795, 1.1316, 1.1583, 1.1567, 1.1744, 1.1301, 1.2592, 1.1494, 
Epoch: 191, Loss: 1.1494
Individual Losses: 1.2794, 1.1314, 1.1581, 1.1565, 1.1743, 1.1298, 1.2591, 1.1490, 
Epoch: 192, Loss: 1.1490
Individual Losses: 1.2792, 1.1312, 1.1580, 1.1563, 1.1742, 1.1296, 1.2589, 1.1487, 
Epoch: 193, Loss: 1.1487
Individual Losses: 1.2791, 1.1310, 1.1579, 1.1561, 1.1741, 1.1294, 1.2588, 1.1483, 
Epoch: 194, Loss: 1.1483
Individual Losses: 1.2790, 1.1308, 1.1578, 1.1558, 1.1740, 1.1292, 1.2587, 1.1479, 
Epoch: 195, Loss: 1.1479
Individual Losses: 1.2789, 1.1307, 1.1577, 1.1556, 1.1739, 1.1290, 1.2586, 1.1475, 
Epoch: 196, Loss: 1.1475
Individual Losses: 1.2787, 1.1305, 1.1576, 1.1554, 1.1738, 1.1287, 1.2585, 1.1472, 
Epoch: 197, Loss: 1.1472
Individual Losses: 1.2786, 1.1303, 1.1574, 1.1552, 1.1737, 1.1285, 1.2583, 1.1468, 
Epoch: 198, Loss: 1.1468
Individual Losses: 1.2785, 1.1302, 1.1573, 1.1550, 1.1736, 1.1283, 1.2582, 1.1464, 
Epoch: 199, Loss: 1.1464
Individual Losses: 1.2784, 1.1300, 1.1572, 1.1548, 1.1735, 1.1281, 1.2581, 1.1461, 
Epoch: 200, Loss: 1.1461
Individual Losses: 1.2783, 1.1298, 1.1571, 1.1546, 1.1734, 1.1279, 1.2580, 1.1457, 
Epoch: 201, Loss: 1.1457
Individual Losses: 1.2781, 1.1297, 1.1570, 1.1544, 1.1733, 1.1277, 1.2579, 1.1454, 
Epoch: 202, Loss: 1.1454
Individual Losses: 1.2780, 1.1295, 1.1569, 1.1542, 1.1732, 1.1275, 1.2578, 1.1450, 
Epoch: 203, Loss: 1.1450
Individual Losses: 1.2779, 1.1293, 1.1567, 1.1540, 1.1731, 1.1273, 1.2576, 1.1446, 
Epoch: 204, Loss: 1.1446
Individual Losses: 1.2778, 1.1292, 1.1566, 1.1538, 1.1730, 1.1271, 1.2575, 1.1443, 
Epoch: 205, Loss: 1.1443
Individual Losses: 1.2776, 1.1290, 1.1565, 1.1536, 1.1729, 1.1269, 1.2574, 1.1439, 
Epoch: 206, Loss: 1.1439
Individual Losses: 1.2775, 1.1289, 1.1564, 1.1534, 1.1728, 1.1267, 1.2573, 1.1436, 
Epoch: 207, Loss: 1.1436
Individual Losses: 1.2774, 1.1287, 1.1563, 1.1532, 1.1727, 1.1265, 1.2572, 1.1432, 
Epoch: 208, Loss: 1.1432
Individual Losses: 1.2773, 1.1285, 1.1562, 1.1530, 1.1726, 1.1263, 1.2571, 1.1429, 
Epoch: 209, Loss: 1.1429
Individual Losses: 1.2772, 1.1284, 1.1561, 1.1529, 1.1725, 1.1261, 1.2569, 1.1426, 
Epoch: 210, Loss: 1.1426
Individual Losses: 1.2770, 1.1282, 1.1560, 1.1527, 1.1724, 1.1259, 1.2568, 1.1422, 
Epoch: 211, Loss: 1.1422
Individual Losses: 1.2769, 1.1281, 1.1558, 1.1525, 1.1723, 1.1257, 1.2567, 1.1419, 
Epoch: 212, Loss: 1.1419
Individual Losses: 1.2768, 1.1279, 1.1557, 1.1523, 1.1722, 1.1255, 1.2566, 1.1415, 
Epoch: 213, Loss: 1.1415
Individual Losses: 1.2767, 1.1278, 1.1556, 1.1521, 1.1721, 1.1253, 1.2565, 1.1412, 
Epoch: 214, Loss: 1.1412
Individual Losses: 1.2766, 1.1276, 1.1555, 1.1519, 1.1720, 1.1252, 1.2564, 1.1409, 
Epoch: 215, Loss: 1.1409
Individual Losses: 1.2764, 1.1275, 1.1554, 1.1517, 1.1719, 1.1250, 1.2563, 1.1405, 
Epoch: 216, Loss: 1.1405
Individual Losses: 1.2763, 1.1273, 1.1553, 1.1516, 1.1718, 1.1248, 1.2561, 1.1402, 
Epoch: 217, Loss: 1.1402
Individual Losses: 1.2762, 1.1272, 1.1552, 1.1514, 1.1717, 1.1246, 1.2560, 1.1399, 
Epoch: 218, Loss: 1.1399
Individual Losses: 1.2761, 1.1270, 1.1551, 1.1512, 1.1716, 1.1244, 1.2559, 1.1395, 
Epoch: 219, Loss: 1.1395
Individual Losses: 1.2760, 1.1269, 1.1550, 1.1510, 1.1715, 1.1242, 1.2558, 1.1392, 
Epoch: 220, Loss: 1.1392
Individual Losses: 1.2759, 1.1268, 1.1548, 1.1508, 1.1714, 1.1241, 1.2557, 1.1389, 
Epoch: 221, Loss: 1.1389
Individual Losses: 1.2757, 1.1266, 1.1547, 1.1507, 1.1714, 1.1239, 1.2556, 1.1386, 
Epoch: 222, Loss: 1.1386
Individual Losses: 1.2756, 1.1265, 1.1546, 1.1505, 1.1713, 1.1237, 1.2555, 1.1383, 
Epoch: 223, Loss: 1.1383
Individual Losses: 1.2755, 1.1263, 1.1545, 1.1503, 1.1712, 1.1236, 1.2553, 1.1379, 
Epoch: 224, Loss: 1.1379
Individual Losses: 1.2754, 1.1262, 1.1544, 1.1502, 1.1711, 1.1234, 1.2552, 1.1376, 
Epoch: 225, Loss: 1.1376
Individual Losses: 1.2753, 1.1261, 1.1543, 1.1500, 1.1710, 1.1232, 1.2551, 1.1373, 
Epoch: 226, Loss: 1.1373
Individual Losses: 1.2752, 1.1259, 1.1542, 1.1498, 1.1709, 1.1231, 1.2550, 1.1370, 
Epoch: 227, Loss: 1.1370
Individual Losses: 1.2750, 1.1258, 1.1541, 1.1496, 1.1708, 1.1229, 1.2549, 1.1367, 
Epoch: 228, Loss: 1.1367
Individual Losses: 1.2749, 1.1257, 1.1540, 1.1495, 1.1708, 1.1227, 1.2548, 1.1364, 
Epoch: 229, Loss: 1.1364
Individual Losses: 1.2748, 1.1255, 1.1539, 1.1493, 1.1707, 1.1226, 1.2547, 1.1361, 
Epoch: 230, Loss: 1.1361
Individual Losses: 1.2747, 1.1254, 1.1538, 1.1491, 1.1706, 1.1224, 1.2546, 1.1358, 
Epoch: 231, Loss: 1.1358
Individual Losses: 1.2746, 1.1253, 1.1537, 1.1490, 1.1705, 1.1222, 1.2544, 1.1355, 
Epoch: 232, Loss: 1.1355
Individual Losses: 1.2745, 1.1251, 1.1535, 1.1488, 1.1704, 1.1221, 1.2543, 1.1352, 
Epoch: 233, Loss: 1.1352
Individual Losses: 1.2744, 1.1250, 1.1534, 1.1486, 1.1703, 1.1219, 1.2542, 1.1349, 
Epoch: 234, Loss: 1.1349
Individual Losses: 1.2742, 1.1249, 1.1533, 1.1485, 1.1703, 1.1218, 1.2541, 1.1346, 
Epoch: 235, Loss: 1.1346
Individual Losses: 1.2741, 1.1247, 1.1532, 1.1483, 1.1702, 1.1216, 1.2540, 1.1343, 
Epoch: 236, Loss: 1.1343
Individual Losses: 1.2740, 1.1246, 1.1531, 1.1482, 1.1701, 1.1215, 1.2539, 1.1340, 
Epoch: 237, Loss: 1.1340
Individual Losses: 1.2739, 1.1245, 1.1530, 1.1480, 1.1700, 1.1213, 1.2538, 1.1337, 
Epoch: 238, Loss: 1.1337
Individual Losses: 1.2738, 1.1244, 1.1529, 1.1478, 1.1699, 1.1212, 1.2537, 1.1334, 
Epoch: 239, Loss: 1.1334
Individual Losses: 1.2737, 1.1242, 1.1528, 1.1477, 1.1699, 1.1210, 1.2536, 1.1331, 
Epoch: 240, Loss: 1.1331
Individual Losses: 1.2736, 1.1241, 1.1527, 1.1475, 1.1698, 1.1209, 1.2534, 1.1328, 
Epoch: 241, Loss: 1.1328
Individual Losses: 1.2734, 1.1240, 1.1526, 1.1474, 1.1697, 1.1207, 1.2533, 1.1325, 
Epoch: 242, Loss: 1.1325
Individual Losses: 1.2733, 1.1239, 1.1525, 1.1472, 1.1696, 1.1206, 1.2532, 1.1322, 
Epoch: 243, Loss: 1.1322
Individual Losses: 1.2732, 1.1237, 1.1524, 1.1471, 1.1695, 1.1204, 1.2531, 1.1319, 
Epoch: 244, Loss: 1.1319
Individual Losses: 1.2731, 1.1236, 1.1523, 1.1469, 1.1695, 1.1203, 1.2530, 1.1317, 
Epoch: 245, Loss: 1.1317
Individual Losses: 1.2730, 1.1235, 1.1522, 1.1468, 1.1694, 1.1201, 1.2529, 1.1314, 
Epoch: 246, Loss: 1.1314
Individual Losses: 1.2729, 1.1234, 1.1521, 1.1466, 1.1693, 1.1200, 1.2528, 1.1311, 
Epoch: 247, Loss: 1.1311
Individual Losses: 1.2728, 1.1233, 1.1520, 1.1464, 1.1692, 1.1199, 1.2527, 1.1308, 
Epoch: 248, Loss: 1.1308
Individual Losses: 1.2727, 1.1232, 1.1519, 1.1463, 1.1692, 1.1197, 1.2526, 1.1305, 
Epoch: 249, Loss: 1.1305
Individual Losses: 1.2726, 1.1230, 1.1518, 1.1461, 1.1691, 1.1196, 1.2525, 1.1303, 
Epoch: 250, Loss: 1.1303
Individual Losses: 1.2724, 1.1229, 1.1517, 1.1460, 1.1690, 1.1195, 1.2523, 1.1300, 
Epoch: 251, Loss: 1.1300
Individual Losses: 1.2723, 1.1228, 1.1516, 1.1459, 1.1690, 1.1193, 1.2522, 1.1297, 
Epoch: 252, Loss: 1.1297
Individual Losses: 1.2722, 1.1227, 1.1515, 1.1457, 1.1689, 1.1192, 1.2521, 1.1294, 
Epoch: 253, Loss: 1.1294
Individual Losses: 1.2721, 1.1226, 1.1514, 1.1456, 1.1688, 1.1191, 1.2520, 1.1292, 
Epoch: 254, Loss: 1.1292
Individual Losses: 1.2720, 1.1225, 1.1512, 1.1454, 1.1687, 1.1189, 1.2519, 1.1289, 
Epoch: 255, Loss: 1.1289
Individual Losses: 1.2719, 1.1224, 1.1511, 1.1453, 1.1687, 1.1188, 1.2518, 1.1286, 
Epoch: 256, Loss: 1.1286
Individual Losses: 1.2718, 1.1223, 1.1510, 1.1451, 1.1686, 1.1187, 1.2517, 1.1284, 
Epoch: 257, Loss: 1.1284
Individual Losses: 1.2717, 1.1221, 1.1509, 1.1450, 1.1685, 1.1185, 1.2516, 1.1281, 
Epoch: 258, Loss: 1.1281
Individual Losses: 1.2716, 1.1220, 1.1508, 1.1448, 1.1685, 1.1184, 1.2515, 1.1278, 
Epoch: 259, Loss: 1.1278
Individual Losses: 1.2715, 1.1219, 1.1507, 1.1447, 1.1684, 1.1183, 1.2513, 1.1276, 
Epoch: 260, Loss: 1.1276
Individual Losses: 1.2714, 1.1218, 1.1506, 1.1446, 1.1683, 1.1182, 1.2512, 1.1273, 
Epoch: 261, Loss: 1.1273
Individual Losses: 1.2713, 1.1217, 1.1505, 1.1444, 1.1683, 1.1181, 1.2511, 1.1270, 
Epoch: 262, Loss: 1.1270
Individual Losses: 1.2711, 1.1216, 1.1504, 1.1443, 1.1682, 1.1179, 1.2510, 1.1268, 
Epoch: 263, Loss: 1.1268
Individual Losses: 1.2710, 1.1215, 1.1503, 1.1441, 1.1681, 1.1178, 1.2509, 1.1265, 
Epoch: 264, Loss: 1.1265
Individual Losses: 1.2709, 1.1214, 1.1502, 1.1440, 1.1680, 1.1177, 1.2508, 1.1263, 
Epoch: 265, Loss: 1.1263
Individual Losses: 1.2708, 1.1213, 1.1501, 1.1439, 1.1680, 1.1176, 1.2507, 1.1260, 
Epoch: 266, Loss: 1.1260
Individual Losses: 1.2707, 1.1212, 1.1500, 1.1437, 1.1679, 1.1175, 1.2506, 1.1258, 
Epoch: 267, Loss: 1.1258
Individual Losses: 1.2706, 1.1211, 1.1499, 1.1436, 1.1679, 1.1173, 1.2505, 1.1255, 
Epoch: 268, Loss: 1.1255
Individual Losses: 1.2705, 1.1210, 1.1498, 1.1434, 1.1678, 1.1172, 1.2504, 1.1253, 
Epoch: 269, Loss: 1.1253
Individual Losses: 1.2704, 1.1209, 1.1497, 1.1433, 1.1677, 1.1171, 1.2502, 1.1250, 
Epoch: 270, Loss: 1.1250
Individual Losses: 1.2703, 1.1208, 1.1496, 1.1432, 1.1677, 1.1170, 1.2501, 1.1248, 
Epoch: 271, Loss: 1.1248
Individual Losses: 1.2702, 1.1207, 1.1495, 1.1430, 1.1676, 1.1169, 1.2500, 1.1245, 
Epoch: 272, Loss: 1.1245
Individual Losses: 1.2701, 1.1206, 1.1494, 1.1429, 1.1675, 1.1168, 1.2499, 1.1243, 
Epoch: 273, Loss: 1.1243
Individual Losses: 1.2700, 1.1205, 1.1493, 1.1428, 1.1675, 1.1167, 1.2498, 1.1240, 
Epoch: 274, Loss: 1.1240
Individual Losses: 1.2699, 1.1204, 1.1493, 1.1426, 1.1674, 1.1166, 1.2497, 1.1238, 
Epoch: 275, Loss: 1.1238
Individual Losses: 1.2698, 1.1203, 1.1492, 1.1425, 1.1673, 1.1164, 1.2496, 1.1235, 
Epoch: 276, Loss: 1.1235
Individual Losses: 1.2697, 1.1202, 1.1491, 1.1424, 1.1673, 1.1163, 1.2495, 1.1233, 
Epoch: 277, Loss: 1.1233
Individual Losses: 1.2696, 1.1201, 1.1490, 1.1422, 1.1672, 1.1162, 1.2494, 1.1230, 
Epoch: 278, Loss: 1.1230
Individual Losses: 1.2695, 1.1200, 1.1489, 1.1421, 1.1672, 1.1161, 1.2493, 1.1228, 
Epoch: 279, Loss: 1.1228
Individual Losses: 1.2694, 1.1199, 1.1488, 1.1420, 1.1671, 1.1160, 1.2491, 1.1226, 
Epoch: 280, Loss: 1.1226
Individual Losses: 1.2693, 1.1198, 1.1487, 1.1419, 1.1670, 1.1159, 1.2490, 1.1223, 
Epoch: 281, Loss: 1.1223
Individual Losses: 1.2692, 1.1197, 1.1486, 1.1417, 1.1670, 1.1158, 1.2489, 1.1221, 
Epoch: 282, Loss: 1.1221
Individual Losses: 1.2691, 1.1196, 1.1485, 1.1416, 1.1669, 1.1157, 1.2488, 1.1219, 
Epoch: 283, Loss: 1.1219
Individual Losses: 1.2690, 1.1195, 1.1484, 1.1415, 1.1669, 1.1156, 1.2487, 1.1216, 
Epoch: 284, Loss: 1.1216
Individual Losses: 1.2689, 1.1194, 1.1483, 1.1413, 1.1668, 1.1155, 1.2486, 1.1214, 
Epoch: 285, Loss: 1.1214
Individual Losses: 1.2688, 1.1193, 1.1482, 1.1412, 1.1667, 1.1154, 1.2485, 1.1212, 
Epoch: 286, Loss: 1.1212
Individual Losses: 1.2687, 1.1193, 1.1481, 1.1411, 1.1667, 1.1153, 1.2484, 1.1209, 
Epoch: 287, Loss: 1.1209
Individual Losses: 1.2686, 1.1192, 1.1480, 1.1410, 1.1666, 1.1152, 1.2483, 1.1207, 
Epoch: 288, Loss: 1.1207
Individual Losses: 1.2685, 1.1191, 1.1479, 1.1408, 1.1666, 1.1151, 1.2482, 1.1205, 
Epoch: 289, Loss: 1.1205
Individual Losses: 1.2684, 1.1190, 1.1478, 1.1407, 1.1665, 1.1150, 1.2480, 1.1202, 
Epoch: 290, Loss: 1.1202
Individual Losses: 1.2683, 1.1189, 1.1477, 1.1406, 1.1665, 1.1149, 1.2479, 1.1200, 
Epoch: 291, Loss: 1.1200
Individual Losses: 1.2682, 1.1188, 1.1476, 1.1405, 1.1664, 1.1148, 1.2478, 1.1198, 
Epoch: 292, Loss: 1.1198
Individual Losses: 1.2681, 1.1187, 1.1475, 1.1403, 1.1664, 1.1147, 1.2477, 1.1196, 
Epoch: 293, Loss: 1.1196
Individual Losses: 1.2680, 1.1186, 1.1474, 1.1402, 1.1663, 1.1146, 1.2476, 1.1193, 
Epoch: 294, Loss: 1.1193
Individual Losses: 1.2679, 1.1186, 1.1473, 1.1401, 1.1662, 1.1145, 1.2475, 1.1191, 
Epoch: 295, Loss: 1.1191
Individual Losses: 1.2678, 1.1185, 1.1473, 1.1400, 1.1662, 1.1145, 1.2474, 1.1189, 
Epoch: 296, Loss: 1.1189
Individual Losses: 1.2677, 1.1184, 1.1472, 1.1398, 1.1661, 1.1144, 1.2473, 1.1187, 
Epoch: 297, Loss: 1.1187
Individual Losses: 1.2676, 1.1183, 1.1471, 1.1397, 1.1661, 1.1143, 1.2472, 1.1185, 
Epoch: 298, Loss: 1.1185
Individual Losses: 1.2675, 1.1182, 1.1470, 1.1396, 1.1660, 1.1142, 1.2470, 1.1182, 
Epoch: 299, Loss: 1.1182
Individual Losses: 1.2675, 1.1181, 1.1469, 1.1395, 1.1660, 1.1141, 1.2469, 1.1180, 
Epoch: 300, Loss: 1.1180
Individual Losses: 1.2674, 1.1180, 1.1468, 1.1394, 1.1659, 1.1140, 1.2468, 1.1178, 
Epoch: 301, Loss: 1.1178
Individual Losses: 1.2673, 1.1180, 1.1467, 1.1392, 1.1659, 1.1139, 1.2467, 1.1176, 
Epoch: 302, Loss: 1.1176
Individual Losses: 1.2672, 1.1179, 1.1466, 1.1391, 1.1658, 1.1138, 1.2466, 1.1174, 
Epoch: 303, Loss: 1.1174
Individual Losses: 1.2671, 1.1178, 1.1465, 1.1390, 1.1658, 1.1137, 1.2465, 1.1172, 
Epoch: 304, Loss: 1.1172
Individual Losses: 1.2670, 1.1177, 1.1464, 1.1389, 1.1657, 1.1136, 1.2464, 1.1169, 
Epoch: 305, Loss: 1.1169
Individual Losses: 1.2669, 1.1176, 1.1463, 1.1388, 1.1657, 1.1136, 1.2463, 1.1167, 
Epoch: 306, Loss: 1.1167
Individual Losses: 1.2668, 1.1176, 1.1463, 1.1386, 1.1656, 1.1135, 1.2462, 1.1165, 
Epoch: 307, Loss: 1.1165
Individual Losses: 1.2667, 1.1175, 1.1462, 1.1385, 1.1656, 1.1134, 1.2460, 1.1163, 
Epoch: 308, Loss: 1.1163
Individual Losses: 1.2667, 1.1174, 1.1461, 1.1384, 1.1655, 1.1133, 1.2459, 1.1161, 
Epoch: 309, Loss: 1.1161
Individual Losses: 1.2666, 1.1173, 1.1460, 1.1383, 1.1655, 1.1132, 1.2458, 1.1159, 
Epoch: 310, Loss: 1.1159
Individual Losses: 1.2665, 1.1172, 1.1459, 1.1382, 1.1654, 1.1131, 1.2457, 1.1157, 
Epoch: 311, Loss: 1.1157
Individual Losses: 1.2664, 1.1172, 1.1458, 1.1380, 1.1654, 1.1131, 1.2456, 1.1155, 
Epoch: 312, Loss: 1.1155
Individual Losses: 1.2663, 1.1171, 1.1457, 1.1379, 1.1653, 1.1130, 1.2455, 1.1152, 
Epoch: 313, Loss: 1.1152
Individual Losses: 1.2662, 1.1170, 1.1456, 1.1378, 1.1653, 1.1129, 1.2454, 1.1150, 
Epoch: 314, Loss: 1.1150
Individual Losses: 1.2662, 1.1169, 1.1456, 1.1377, 1.1653, 1.1128, 1.2453, 1.1148, 
Epoch: 315, Loss: 1.1148
Individual Losses: 1.2661, 1.1169, 1.1455, 1.1376, 1.1652, 1.1127, 1.2451, 1.1146, 
Epoch: 316, Loss: 1.1146
Individual Losses: 1.2660, 1.1168, 1.1454, 1.1374, 1.1652, 1.1127, 1.2450, 1.1144, 
Epoch: 317, Loss: 1.1144
Individual Losses: 1.2659, 1.1167, 1.1453, 1.1373, 1.1651, 1.1126, 1.2449, 1.1142, 
Epoch: 318, Loss: 1.1142
Individual Losses: 1.2658, 1.1166, 1.1452, 1.1372, 1.1651, 1.1125, 1.2448, 1.1140, 
Epoch: 319, Loss: 1.1140
Individual Losses: 1.2658, 1.1166, 1.1451, 1.1371, 1.1650, 1.1124, 1.2447, 1.1138, 
Epoch: 320, Loss: 1.1138
Individual Losses: 1.2657, 1.1165, 1.1451, 1.1370, 1.1650, 1.1123, 1.2446, 1.1136, 
Epoch: 321, Loss: 1.1136
Individual Losses: 1.2656, 1.1164, 1.1450, 1.1368, 1.1650, 1.1123, 1.2445, 1.1133, 
Epoch: 322, Loss: 1.1133
Individual Losses: 1.2655, 1.1163, 1.1449, 1.1367, 1.1649, 1.1122, 1.2443, 1.1131, 
Epoch: 323, Loss: 1.1131
Individual Losses: 1.2655, 1.1163, 1.1448, 1.1366, 1.1649, 1.1121, 1.2442, 1.1129, 
Epoch: 324, Loss: 1.1129
Individual Losses: 1.2654, 1.1162, 1.1447, 1.1365, 1.1649, 1.1120, 1.2441, 1.1127, 
Epoch: 325, Loss: 1.1127
Individual Losses: 1.2653, 1.1161, 1.1446, 1.1363, 1.1648, 1.1119, 1.2440, 1.1125, 
Epoch: 326, Loss: 1.1125
Individual Losses: 1.2652, 1.1161, 1.1446, 1.1362, 1.1648, 1.1119, 1.2439, 1.1123, 
Epoch: 327, Loss: 1.1123
Individual Losses: 1.2652, 1.1160, 1.1445, 1.1361, 1.1648, 1.1118, 1.2438, 1.1120, 
Epoch: 328, Loss: 1.1120
Individual Losses: 1.2651, 1.1159, 1.1444, 1.1359, 1.1647, 1.1117, 1.2436, 1.1118, 
Epoch: 329, Loss: 1.1118
Individual Losses: 1.2650, 1.1159, 1.1444, 1.1358, 1.1647, 1.1116, 1.2435, 1.1116, 
Epoch: 330, Loss: 1.1116
Individual Losses: 1.2650, 1.1158, 1.1443, 1.1357, 1.1647, 1.1115, 1.2434, 1.1113, 
Epoch: 331, Loss: 1.1113
Individual Losses: 1.2649, 1.1157, 1.1442, 1.1355, 1.1647, 1.1115, 1.2433, 1.1111, 
Epoch: 332, Loss: 1.1111
Individual Losses: 1.2649, 1.1157, 1.1441, 1.1354, 1.1647, 1.1114, 1.2431, 1.1108, 
Epoch: 333, Loss: 1.1108
Individual Losses: 1.2648, 1.1156, 1.1441, 1.1352, 1.1647, 1.1113, 1.2430, 1.1106, 
Epoch: 334, Loss: 1.1106
Individual Losses: 1.2647, 1.1156, 1.1440, 1.1351, 1.1646, 1.1112, 1.2429, 1.1103, 
Epoch: 335, Loss: 1.1103
Individual Losses: 1.2647, 1.1155, 1.1440, 1.1349, 1.1646, 1.1111, 1.2428, 1.1100, 
Epoch: 336, Loss: 1.1100
Individual Losses: 1.2646, 1.1154, 1.1439, 1.1348, 1.1646, 1.1110, 1.2426, 1.1097, 
Epoch: 337, Loss: 1.1097
Individual Losses: 1.2646, 1.1154, 1.1439, 1.1346, 1.1647, 1.1109, 1.2425, 1.1094, 
Epoch: 338, Loss: 1.1094
Individual Losses: 1.2645, 1.1153, 1.1439, 1.1344, 1.1647, 1.1108, 1.2424, 1.1090, 
Epoch: 339, Loss: 1.1090
Individual Losses: 1.2644, 1.1153, 1.1438, 1.1342, 1.1647, 1.1107, 1.2422, 1.1086, 
Epoch: 340, Loss: 1.1086
Individual Losses: 1.2644, 1.1153, 1.1438, 1.1340, 1.1647, 1.1106, 1.2421, 1.1082, 
Epoch: 341, Loss: 1.1082
Individual Losses: 1.2643, 1.1152, 1.1438, 1.1338, 1.1648, 1.1105, 1.2419, 1.1078, 
Epoch: 342, Loss: 1.1078
Individual Losses: 1.2642, 1.1152, 1.1439, 1.1336, 1.1648, 1.1104, 1.2418, 1.1072, 
Epoch: 343, Loss: 1.1072
Individual Losses: 1.2640, 1.1152, 1.1439, 1.1334, 1.1649, 1.1102, 1.2416, 1.1066, 
Epoch: 344, Loss: 1.1066
Individual Losses: 1.2639, 1.1152, 1.1440, 1.1331, 1.1650, 1.1101, 1.2415, 1.1060, 
Epoch: 345, Loss: 1.1060
Individual Losses: 1.2637, 1.1152, 1.1441, 1.1328, 1.1651, 1.1099, 1.2413, 1.1052, 
Epoch: 346, Loss: 1.1052
Individual Losses: 1.2635, 1.1152, 1.1442, 1.1325, 1.1652, 1.1097, 1.2412, 1.1044, 
Epoch: 347, Loss: 1.1044
Individual Losses: 1.2632, 1.1152, 1.1443, 1.1322, 1.1654, 1.1094, 1.2411, 1.1034, 
Epoch: 348, Loss: 1.1034
Individual Losses: 1.2629, 1.1153, 1.1445, 1.1319, 1.1655, 1.1092, 1.2409, 1.1023, 
Epoch: 349, Loss: 1.1023
Individual Losses: 1.2625, 1.1153, 1.1447, 1.1315, 1.1656, 1.1089, 1.2408, 1.1011, 
Epoch: 350, Loss: 1.1011
Individual Losses: 1.2621, 1.1153, 1.1448, 1.1311, 1.1658, 1.1086, 1.2408, 1.0999, 
Epoch: 351, Loss: 1.0999
Individual Losses: 1.2617, 1.1153, 1.1450, 1.1308, 1.1659, 1.1082, 1.2407, 1.0987, 
Epoch: 352, Loss: 1.0987
Individual Losses: 1.2614, 1.1154, 1.1452, 1.1304, 1.1660, 1.1079, 1.2407, 1.0975, 
Epoch: 353, Loss: 1.0975
Individual Losses: 1.2610, 1.1154, 1.1453, 1.1300, 1.1661, 1.1076, 1.2406, 1.0963, 
Epoch: 354, Loss: 1.0963
Individual Losses: 1.2607, 1.1154, 1.1454, 1.1297, 1.1662, 1.1073, 1.2406, 1.0952, 
Epoch: 355, Loss: 1.0952
Individual Losses: 1.2605, 1.1154, 1.1455, 1.1294, 1.1663, 1.1070, 1.2405, 1.0941, 
Epoch: 356, Loss: 1.0941
Individual Losses: 1.2603, 1.1154, 1.1456, 1.1291, 1.1664, 1.1068, 1.2404, 1.0932, 
Epoch: 357, Loss: 1.0932
Individual Losses: 1.2601, 1.1154, 1.1457, 1.1288, 1.1664, 1.1065, 1.2404, 1.0923, 
Epoch: 358, Loss: 1.0923
Individual Losses: 1.2599, 1.1154, 1.1458, 1.1285, 1.1665, 1.1063, 1.2403, 1.0915, 
Epoch: 359, Loss: 1.0915
Individual Losses: 1.2598, 1.1154, 1.1458, 1.1282, 1.1666, 1.1061, 1.2402, 1.0907, 
Epoch: 360, Loss: 1.0907
Individual Losses: 1.2597, 1.1154, 1.1458, 1.1279, 1.1666, 1.1059, 1.2401, 1.0900, 
Epoch: 361, Loss: 1.0900
Individual Losses: 1.2595, 1.1153, 1.1459, 1.1277, 1.1667, 1.1057, 1.2400, 1.0893, 
Epoch: 362, Loss: 1.0893
Individual Losses: 1.2594, 1.1153, 1.1459, 1.1274, 1.1668, 1.1055, 1.2399, 1.0887, 
Epoch: 363, Loss: 1.0887
Individual Losses: 1.2593, 1.1153, 1.1459, 1.1271, 1.1668, 1.1054, 1.2397, 1.0881, 
Epoch: 364, Loss: 1.0881
Individual Losses: 1.2592, 1.1153, 1.1459, 1.1269, 1.1669, 1.1052, 1.2396, 1.0875, 
Epoch: 365, Loss: 1.0875
Individual Losses: 1.2591, 1.1153, 1.1459, 1.1267, 1.1669, 1.1051, 1.2395, 1.0870, 
Epoch: 366, Loss: 1.0870
Individual Losses: 1.2589, 1.1153, 1.1459, 1.1264, 1.1669, 1.1049, 1.2394, 1.0864, 
Epoch: 367, Loss: 1.0864
Individual Losses: 1.2588, 1.1152, 1.1459, 1.1262, 1.1670, 1.1048, 1.2393, 1.0859, 
Epoch: 368, Loss: 1.0859
Individual Losses: 1.2587, 1.1152, 1.1459, 1.1260, 1.1670, 1.1046, 1.2392, 1.0854, 
Epoch: 369, Loss: 1.0854
Individual Losses: 1.2586, 1.1152, 1.1458, 1.1258, 1.1670, 1.1045, 1.2390, 1.0850, 
Epoch: 370, Loss: 1.0850
Individual Losses: 1.2585, 1.1152, 1.1458, 1.1256, 1.1671, 1.1044, 1.2389, 1.0845, 
Epoch: 371, Loss: 1.0845
Individual Losses: 1.2583, 1.1151, 1.1458, 1.1254, 1.1671, 1.1043, 1.2388, 1.0841, 
Epoch: 372, Loss: 1.0841
Individual Losses: 1.2582, 1.1151, 1.1458, 1.1252, 1.1671, 1.1041, 1.2387, 1.0837, 
Epoch: 373, Loss: 1.0837
Individual Losses: 1.2581, 1.1151, 1.1457, 1.1250, 1.1671, 1.1040, 1.2385, 1.0833, 
Epoch: 374, Loss: 1.0833
Individual Losses: 1.2580, 1.1150, 1.1457, 1.1248, 1.1671, 1.1039, 1.2384, 1.0829, 
Epoch: 375, Loss: 1.0829
Individual Losses: 1.2578, 1.1150, 1.1457, 1.1246, 1.1672, 1.1038, 1.2383, 1.0825, 
Epoch: 376, Loss: 1.0825
Individual Losses: 1.2577, 1.1150, 1.1456, 1.1244, 1.1672, 1.1037, 1.2382, 1.0821, 
Epoch: 377, Loss: 1.0821
Individual Losses: 1.2576, 1.1150, 1.1456, 1.1243, 1.1672, 1.1035, 1.2381, 1.0818, 
Epoch: 378, Loss: 1.0818
Individual Losses: 1.2575, 1.1149, 1.1456, 1.1241, 1.1672, 1.1034, 1.2379, 1.0814, 
Epoch: 379, Loss: 1.0814
Individual Losses: 1.2573, 1.1149, 1.1455, 1.1239, 1.1672, 1.1033, 1.2378, 1.0811, 
Epoch: 380, Loss: 1.0811
Individual Losses: 1.2572, 1.1148, 1.1455, 1.1238, 1.1672, 1.1032, 1.2377, 1.0808, 
Epoch: 381, Loss: 1.0808
Individual Losses: 1.2571, 1.1148, 1.1454, 1.1236, 1.1672, 1.1031, 1.2376, 1.0805, 
Epoch: 382, Loss: 1.0805
Individual Losses: 1.2569, 1.1148, 1.1454, 1.1235, 1.1672, 1.1030, 1.2375, 1.0801, 
Epoch: 383, Loss: 1.0801
Individual Losses: 1.2568, 1.1147, 1.1453, 1.1233, 1.1671, 1.1029, 1.2373, 1.0798, 
Epoch: 384, Loss: 1.0798
Individual Losses: 1.2566, 1.1147, 1.1453, 1.1232, 1.1671, 1.1028, 1.2372, 1.0795, 
Epoch: 385, Loss: 1.0795
Individual Losses: 1.2565, 1.1147, 1.1452, 1.1230, 1.1671, 1.1027, 1.2371, 1.0793, 
Epoch: 386, Loss: 1.0793
Individual Losses: 1.2564, 1.1146, 1.1452, 1.1229, 1.1671, 1.1026, 1.2370, 1.0790, 
Epoch: 387, Loss: 1.0790
Individual Losses: 1.2562, 1.1146, 1.1451, 1.1227, 1.1671, 1.1025, 1.2369, 1.0787, 
Epoch: 388, Loss: 1.0787
Individual Losses: 1.2561, 1.1145, 1.1451, 1.1226, 1.1671, 1.1024, 1.2367, 1.0784, 
Epoch: 389, Loss: 1.0784
Individual Losses: 1.2559, 1.1145, 1.1450, 1.1225, 1.1671, 1.1023, 1.2366, 1.0782, 
Epoch: 390, Loss: 1.0782
Individual Losses: 1.2558, 1.1144, 1.1450, 1.1223, 1.1670, 1.1022, 1.2365, 1.0779, 
Epoch: 391, Loss: 1.0779
Individual Losses: 1.2557, 1.1144, 1.1449, 1.1222, 1.1670, 1.1021, 1.2364, 1.0776, 
Epoch: 392, Loss: 1.0776
Individual Losses: 1.2555, 1.1144, 1.1449, 1.1221, 1.1670, 1.1020, 1.2363, 1.0774, 
Epoch: 393, Loss: 1.0774
Individual Losses: 1.2554, 1.1143, 1.1448, 1.1219, 1.1670, 1.1019, 1.2361, 1.0771, 
Epoch: 394, Loss: 1.0771
Individual Losses: 1.2552, 1.1143, 1.1448, 1.1218, 1.1669, 1.1018, 1.2360, 1.0769, 
Epoch: 395, Loss: 1.0769
Individual Losses: 1.2551, 1.1142, 1.1447, 1.1217, 1.1669, 1.1017, 1.2359, 1.0767, 
Epoch: 396, Loss: 1.0767
Individual Losses: 1.2549, 1.1142, 1.1447, 1.1216, 1.1669, 1.1016, 1.2358, 1.0764, 
Epoch: 397, Loss: 1.0764
Individual Losses: 1.2548, 1.1141, 1.1446, 1.1215, 1.1669, 1.1015, 1.2357, 1.0762, 
Epoch: 398, Loss: 1.0762
Individual Losses: 1.2547, 1.1141, 1.1446, 1.1213, 1.1668, 1.1014, 1.2356, 1.0760, 
Epoch: 399, Loss: 1.0760
Individual Losses: 1.2545, 1.1140, 1.1445, 1.1212, 1.1668, 1.1014, 1.2354, 1.0757, 
Epoch: 400, Loss: 1.0757
Individual Losses: 1.2544, 1.1140, 1.1444, 1.1211, 1.1668, 1.1013, 1.2353, 1.0755, 
Epoch: 401, Loss: 1.0755
Individual Losses: 1.2542, 1.1139, 1.1444, 1.1210, 1.1667, 1.1012, 1.2352, 1.0753, 
Epoch: 402, Loss: 1.0753
Individual Losses: 1.2541, 1.1139, 1.1443, 1.1209, 1.1667, 1.1011, 1.2351, 1.0751, 
Epoch: 403, Loss: 1.0751
Individual Losses: 1.2539, 1.1138, 1.1443, 1.1208, 1.1667, 1.1010, 1.2350, 1.0749, 
Epoch: 404, Loss: 1.0749
Individual Losses: 1.2538, 1.1138, 1.1442, 1.1207, 1.1666, 1.1009, 1.2349, 1.0747, 
Epoch: 405, Loss: 1.0747
Individual Losses: 1.2536, 1.1137, 1.1442, 1.1206, 1.1666, 1.1008, 1.2348, 1.0745, 
Epoch: 406, Loss: 1.0745
Individual Losses: 1.2535, 1.1137, 1.1441, 1.1205, 1.1666, 1.1007, 1.2346, 1.0743, 
Epoch: 407, Loss: 1.0743
Individual Losses: 1.2534, 1.1136, 1.1441, 1.1204, 1.1665, 1.1006, 1.2345, 1.0741, 
Epoch: 408, Loss: 1.0741
Individual Losses: 1.2532, 1.1136, 1.1440, 1.1203, 1.1665, 1.1006, 1.2344, 1.0739, 
Epoch: 409, Loss: 1.0739
Individual Losses: 1.2531, 1.1135, 1.1440, 1.1202, 1.1665, 1.1005, 1.2343, 1.0737, 
Epoch: 410, Loss: 1.0737
Individual Losses: 1.2529, 1.1135, 1.1439, 1.1201, 1.1664, 1.1004, 1.2342, 1.0735, 
Epoch: 411, Loss: 1.0735
Individual Losses: 1.2528, 1.1134, 1.1439, 1.1200, 1.1664, 1.1003, 1.2341, 1.0733, 
Epoch: 412, Loss: 1.0733
Individual Losses: 1.2526, 1.1134, 1.1438, 1.1199, 1.1663, 1.1002, 1.2340, 1.0731, 
Epoch: 413, Loss: 1.0731
Individual Losses: 1.2525, 1.1133, 1.1438, 1.1198, 1.1663, 1.1001, 1.2339, 1.0729, 
Epoch: 414, Loss: 1.0729
Individual Losses: 1.2523, 1.1133, 1.1437, 1.1197, 1.1663, 1.1001, 1.2338, 1.0727, 
Epoch: 415, Loss: 1.0727
Individual Losses: 1.2522, 1.1132, 1.1437, 1.1196, 1.1662, 1.1000, 1.2336, 1.0725, 
Epoch: 416, Loss: 1.0725
Individual Losses: 1.2520, 1.1132, 1.1436, 1.1195, 1.1662, 1.0999, 1.2335, 1.0723, 
Epoch: 417, Loss: 1.0723
Individual Losses: 1.2519, 1.1131, 1.1436, 1.1194, 1.1662, 1.0998, 1.2334, 1.0721, 
Epoch: 418, Loss: 1.0721
Individual Losses: 1.2517, 1.1131, 1.1435, 1.1193, 1.1661, 1.0997, 1.2333, 1.0720, 
Epoch: 419, Loss: 1.0720
Individual Losses: 1.2516, 1.1130, 1.1435, 1.1192, 1.1661, 1.0997, 1.2332, 1.0718, 
Epoch: 420, Loss: 1.0718
Individual Losses: 1.2515, 1.1130, 1.1434, 1.1191, 1.1660, 1.0996, 1.2331, 1.0716, 
Epoch: 421, Loss: 1.0716
Individual Losses: 1.2513, 1.1129, 1.1434, 1.1191, 1.1660, 1.0995, 1.2330, 1.0714, 
Epoch: 422, Loss: 1.0714
Individual Losses: 1.2512, 1.1129, 1.1433, 1.1190, 1.1660, 1.0994, 1.2329, 1.0713, 
Epoch: 423, Loss: 1.0713
Individual Losses: 1.2510, 1.1128, 1.1433, 1.1189, 1.1659, 1.0993, 1.2328, 1.0711, 
Epoch: 424, Loss: 1.0711
Individual Losses: 1.2509, 1.1128, 1.1432, 1.1188, 1.1659, 1.0993, 1.2327, 1.0709, 
Epoch: 425, Loss: 1.0709
Individual Losses: 1.2507, 1.1127, 1.1432, 1.1187, 1.1658, 1.0992, 1.2326, 1.0707, 
Epoch: 426, Loss: 1.0707
Individual Losses: 1.2506, 1.1127, 1.1431, 1.1186, 1.1658, 1.0991, 1.2325, 1.0706, 
Epoch: 427, Loss: 1.0706
Individual Losses: 1.2504, 1.1126, 1.1431, 1.1185, 1.1658, 1.0990, 1.2324, 1.0704, 
Epoch: 428, Loss: 1.0704
Individual Losses: 1.2503, 1.1126, 1.1430, 1.1185, 1.1657, 1.0989, 1.2322, 1.0702, 
Epoch: 429, Loss: 1.0702
Individual Losses: 1.2502, 1.1125, 1.1430, 1.1184, 1.1657, 1.0989, 1.2321, 1.0701, 
Epoch: 430, Loss: 1.0701
Individual Losses: 1.2500, 1.1125, 1.1429, 1.1183, 1.1656, 1.0988, 1.2320, 1.0699, 
Epoch: 431, Loss: 1.0699
Individual Losses: 1.2499, 1.1124, 1.1429, 1.1182, 1.1656, 1.0987, 1.2319, 1.0697, 
Epoch: 432, Loss: 1.0697
Individual Losses: 1.2497, 1.1123, 1.1428, 1.1181, 1.1655, 1.0986, 1.2318, 1.0696, 
Epoch: 433, Loss: 1.0696
Individual Losses: 1.2496, 1.1123, 1.1428, 1.1181, 1.1655, 1.0986, 1.2317, 1.0694, 
Epoch: 434, Loss: 1.0694
Individual Losses: 1.2494, 1.1122, 1.1428, 1.1180, 1.1655, 1.0985, 1.2316, 1.0693, 
Epoch: 435, Loss: 1.0693
Individual Losses: 1.2493, 1.1122, 1.1427, 1.1179, 1.1654, 1.0984, 1.2315, 1.0691, 
Epoch: 436, Loss: 1.0691
Individual Losses: 1.2492, 1.1121, 1.1427, 1.1178, 1.1654, 1.0983, 1.2314, 1.0689, 
Epoch: 437, Loss: 1.0689
Individual Losses: 1.2490, 1.1121, 1.1426, 1.1178, 1.1653, 1.0983, 1.2313, 1.0688, 
Epoch: 438, Loss: 1.0688
Individual Losses: 1.2489, 1.1120, 1.1426, 1.1177, 1.1653, 1.0982, 1.2312, 1.0686, 
Epoch: 439, Loss: 1.0686
Individual Losses: 1.2487, 1.1120, 1.1425, 1.1176, 1.1653, 1.0981, 1.2311, 1.0685, 
Epoch: 440, Loss: 1.0685
Individual Losses: 1.2486, 1.1119, 1.1425, 1.1175, 1.1652, 1.0980, 1.2310, 1.0683, 
Epoch: 441, Loss: 1.0683
Individual Losses: 1.2484, 1.1119, 1.1425, 1.1175, 1.1652, 1.0980, 1.2309, 1.0682, 
Epoch: 442, Loss: 1.0682
Individual Losses: 1.2483, 1.1118, 1.1424, 1.1174, 1.1651, 1.0979, 1.2308, 1.0680, 
Epoch: 443, Loss: 1.0680
Individual Losses: 1.2482, 1.1118, 1.1424, 1.1173, 1.1651, 1.0978, 1.2307, 1.0678, 
Epoch: 444, Loss: 1.0678
Individual Losses: 1.2480, 1.1117, 1.1423, 1.1172, 1.1651, 1.0977, 1.2306, 1.0677, 
Epoch: 445, Loss: 1.0677
Individual Losses: 1.2479, 1.1116, 1.1423, 1.1172, 1.1650, 1.0977, 1.2305, 1.0675, 
Epoch: 446, Loss: 1.0675
Individual Losses: 1.2477, 1.1116, 1.1423, 1.1171, 1.1650, 1.0976, 1.2304, 1.0674, 
Epoch: 447, Loss: 1.0674
Individual Losses: 1.2476, 1.1115, 1.1422, 1.1170, 1.1649, 1.0975, 1.2303, 1.0672, 
Epoch: 448, Loss: 1.0672
Individual Losses: 1.2475, 1.1115, 1.1422, 1.1170, 1.1649, 1.0975, 1.2302, 1.0671, 
Epoch: 449, Loss: 1.0671
Individual Losses: 1.2473, 1.1114, 1.1421, 1.1169, 1.1648, 1.0974, 1.2301, 1.0670, 
Epoch: 450, Loss: 1.0670
Individual Losses: 1.2472, 1.1114, 1.1421, 1.1168, 1.1648, 1.0973, 1.2300, 1.0668, 
Epoch: 451, Loss: 1.0668
Individual Losses: 1.2470, 1.1113, 1.1421, 1.1168, 1.1648, 1.0973, 1.2299, 1.0667, 
Epoch: 452, Loss: 1.0667
Individual Losses: 1.2469, 1.1113, 1.1420, 1.1167, 1.1647, 1.0972, 1.2298, 1.0665, 
Epoch: 453, Loss: 1.0665
Individual Losses: 1.2468, 1.1112, 1.1420, 1.1166, 1.1647, 1.0971, 1.2297, 1.0664, 
Epoch: 454, Loss: 1.0664
Individual Losses: 1.2466, 1.1112, 1.1420, 1.1166, 1.1646, 1.0970, 1.2296, 1.0662, 
Epoch: 455, Loss: 1.0662
Individual Losses: 1.2465, 1.1111, 1.1419, 1.1165, 1.1646, 1.0970, 1.2295, 1.0661, 
Epoch: 456, Loss: 1.0661
Individual Losses: 1.2463, 1.1111, 1.1419, 1.1164, 1.1646, 1.0969, 1.2294, 1.0659, 
Epoch: 457, Loss: 1.0659
Individual Losses: 1.2462, 1.1110, 1.1418, 1.1164, 1.1645, 1.0968, 1.2293, 1.0658, 
Epoch: 458, Loss: 1.0658
Individual Losses: 1.2461, 1.1109, 1.1418, 1.1163, 1.1645, 1.0968, 1.2292, 1.0657, 
Epoch: 459, Loss: 1.0657
Individual Losses: 1.2459, 1.1109, 1.1418, 1.1163, 1.1644, 1.0967, 1.2291, 1.0655, 
Epoch: 460, Loss: 1.0655
Individual Losses: 1.2458, 1.1108, 1.1417, 1.1162, 1.1644, 1.0966, 1.2290, 1.0654, 
Epoch: 461, Loss: 1.0654
Individual Losses: 1.2457, 1.1108, 1.1417, 1.1161, 1.1644, 1.0966, 1.2289, 1.0652, 
Epoch: 462, Loss: 1.0652
Individual Losses: 1.2455, 1.1107, 1.1417, 1.1161, 1.1643, 1.0965, 1.2288, 1.0651, 
Epoch: 463, Loss: 1.0651
Individual Losses: 1.2454, 1.1107, 1.1416, 1.1160, 1.1643, 1.0964, 1.2287, 1.0650, 
Epoch: 464, Loss: 1.0650
Individual Losses: 1.2452, 1.1106, 1.1416, 1.1159, 1.1642, 1.0964, 1.2286, 1.0648, 
Epoch: 465, Loss: 1.0648
Individual Losses: 1.2451, 1.1106, 1.1416, 1.1159, 1.1642, 1.0963, 1.2285, 1.0647, 
Epoch: 466, Loss: 1.0647
Individual Losses: 1.2450, 1.1105, 1.1416, 1.1158, 1.1642, 1.0962, 1.2284, 1.0646, 
Epoch: 467, Loss: 1.0646
Individual Losses: 1.2448, 1.1105, 1.1415, 1.1158, 1.1641, 1.0962, 1.2283, 1.0644, 
Epoch: 468, Loss: 1.0644
Individual Losses: 1.2447, 1.1104, 1.1415, 1.1157, 1.1641, 1.0961, 1.2282, 1.0643, 
Epoch: 469, Loss: 1.0643
Individual Losses: 1.2446, 1.1104, 1.1415, 1.1157, 1.1640, 1.0960, 1.2281, 1.0642, 
Epoch: 470, Loss: 1.0642
Individual Losses: 1.2444, 1.1103, 1.1414, 1.1156, 1.1640, 1.0960, 1.2280, 1.0640, 
Epoch: 471, Loss: 1.0640
Individual Losses: 1.2443, 1.1102, 1.1414, 1.1155, 1.1640, 1.0959, 1.2279, 1.0639, 
Epoch: 472, Loss: 1.0639
Individual Losses: 1.2441, 1.1102, 1.1414, 1.1155, 1.1639, 1.0958, 1.2278, 1.0638, 
Epoch: 473, Loss: 1.0638
Individual Losses: 1.2440, 1.1101, 1.1413, 1.1154, 1.1639, 1.0958, 1.2278, 1.0636, 
Epoch: 474, Loss: 1.0636
Individual Losses: 1.2439, 1.1101, 1.1413, 1.1154, 1.1638, 1.0957, 1.2277, 1.0635, 
Epoch: 475, Loss: 1.0635
Individual Losses: 1.2437, 1.1100, 1.1413, 1.1153, 1.1638, 1.0956, 1.2276, 1.0634, 
Epoch: 476, Loss: 1.0634
Individual Losses: 1.2436, 1.1100, 1.1413, 1.1153, 1.1638, 1.0956, 1.2275, 1.0632, 
Epoch: 477, Loss: 1.0632
Individual Losses: 1.2435, 1.1099, 1.1412, 1.1152, 1.1637, 1.0955, 1.2274, 1.0631, 
Epoch: 478, Loss: 1.0631
Individual Losses: 1.2433, 1.1099, 1.1412, 1.1152, 1.1637, 1.0955, 1.2273, 1.0630, 
Epoch: 479, Loss: 1.0630
Individual Losses: 1.2432, 1.1098, 1.1412, 1.1151, 1.1636, 1.0954, 1.2272, 1.0629, 
Epoch: 480, Loss: 1.0629
Individual Losses: 1.2431, 1.1098, 1.1412, 1.1151, 1.1636, 1.0953, 1.2271, 1.0627, 
Epoch: 481, Loss: 1.0627
Individual Losses: 1.2429, 1.1097, 1.1411, 1.1150, 1.1636, 1.0953, 1.2270, 1.0626, 
Epoch: 482, Loss: 1.0626
Individual Losses: 1.2428, 1.1097, 1.1411, 1.1150, 1.1635, 1.0952, 1.2269, 1.0625, 
Epoch: 483, Loss: 1.0625
Individual Losses: 1.2426, 1.1096, 1.1411, 1.1149, 1.1635, 1.0951, 1.2268, 1.0624, 
Epoch: 484, Loss: 1.0624
Individual Losses: 1.2425, 1.1095, 1.1411, 1.1149, 1.1635, 1.0951, 1.2267, 1.0622, 
Epoch: 485, Loss: 1.0622
Individual Losses: 1.2424, 1.1095, 1.1410, 1.1148, 1.1634, 1.0950, 1.2266, 1.0621, 
Epoch: 486, Loss: 1.0621
Individual Losses: 1.2422, 1.1094, 1.1410, 1.1148, 1.1634, 1.0950, 1.2265, 1.0620, 
Epoch: 487, Loss: 1.0620
Individual Losses: 1.2421, 1.1094, 1.1410, 1.1147, 1.1633, 1.0949, 1.2264, 1.0619, 
Epoch: 488, Loss: 1.0619
Individual Losses: 1.2420, 1.1093, 1.1410, 1.1147, 1.1633, 1.0948, 1.2263, 1.0617, 
Epoch: 489, Loss: 1.0617
Individual Losses: 1.2418, 1.1093, 1.1409, 1.1146, 1.1633, 1.0948, 1.2262, 1.0616, 
Epoch: 490, Loss: 1.0616
Individual Losses: 1.2417, 1.1092, 1.1409, 1.1146, 1.1632, 1.0947, 1.2261, 1.0615, 
Epoch: 491, Loss: 1.0615
Individual Losses: 1.2416, 1.1092, 1.1409, 1.1145, 1.1632, 1.0947, 1.2260, 1.0614, 
Epoch: 492, Loss: 1.0614
Individual Losses: 1.2414, 1.1091, 1.1409, 1.1145, 1.1632, 1.0946, 1.2259, 1.0612, 
Epoch: 493, Loss: 1.0612
Individual Losses: 1.2413, 1.1091, 1.1409, 1.1144, 1.1631, 1.0945, 1.2258, 1.0611, 
Epoch: 494, Loss: 1.0611
Individual Losses: 1.2412, 1.1090, 1.1408, 1.1144, 1.1631, 1.0945, 1.2258, 1.0610, 
Epoch: 495, Loss: 1.0610
Individual Losses: 1.2410, 1.1090, 1.1408, 1.1143, 1.1630, 1.0944, 1.2257, 1.0609, 
Epoch: 496, Loss: 1.0609
Individual Losses: 1.2409, 1.1089, 1.1408, 1.1143, 1.1630, 1.0944, 1.2256, 1.0608, 
Epoch: 497, Loss: 1.0608
Individual Losses: 1.2408, 1.1089, 1.1408, 1.1142, 1.1630, 1.0943, 1.2255, 1.0606, 
Epoch: 498, Loss: 1.0606
Individual Losses: 1.2406, 1.1088, 1.1408, 1.1142, 1.1629, 1.0942, 1.2254, 1.0605, 
Epoch: 499, Loss: 1.0605
Individual Losses: 1.2405, 1.1088, 1.1407, 1.1141, 1.1629, 1.0942, 1.2253, 1.0604, 
Epoch: 500, Loss: 1.0604
Individual Losses: 1.2404, 1.1087, 1.1407, 1.1141, 1.1629, 1.0941, 1.2252, 1.0603, 
Epoch: 501, Loss: 1.0603
Individual Losses: 1.2402, 1.1086, 1.1407, 1.1140, 1.1628, 1.0941, 1.2251, 1.0602, 
Epoch: 502, Loss: 1.0602
Individual Losses: 1.2401, 1.1086, 1.1407, 1.1140, 1.1628, 1.0940, 1.2250, 1.0601, 
Epoch: 503, Loss: 1.0601
Individual Losses: 1.2400, 1.1085, 1.1407, 1.1140, 1.1628, 1.0939, 1.2249, 1.0599, 
Epoch: 504, Loss: 1.0599
Individual Losses: 1.2398, 1.1085, 1.1406, 1.1139, 1.1627, 1.0939, 1.2248, 1.0598, 
Epoch: 505, Loss: 1.0598
Individual Losses: 1.2397, 1.1084, 1.1406, 1.1139, 1.1627, 1.0938, 1.2247, 1.0597, 
Epoch: 506, Loss: 1.0597
Individual Losses: 1.2396, 1.1084, 1.1406, 1.1138, 1.1626, 1.0938, 1.2246, 1.0596, 
Epoch: 507, Loss: 1.0596
Individual Losses: 1.2394, 1.1083, 1.1406, 1.1138, 1.1626, 1.0937, 1.2245, 1.0595, 
Epoch: 508, Loss: 1.0595
Individual Losses: 1.2393, 1.1083, 1.1406, 1.1137, 1.1626, 1.0937, 1.2244, 1.0594, 
Epoch: 509, Loss: 1.0594
Individual Losses: 1.2392, 1.1082, 1.1406, 1.1137, 1.1625, 1.0936, 1.2243, 1.0593, 
Epoch: 510, Loss: 1.0593
Individual Losses: 1.2390, 1.1082, 1.1405, 1.1137, 1.1625, 1.0936, 1.2242, 1.0591, 
Epoch: 511, Loss: 1.0591
Individual Losses: 1.2389, 1.1081, 1.1405, 1.1136, 1.1625, 1.0935, 1.2242, 1.0590, 
Epoch: 512, Loss: 1.0590
Individual Losses: 1.2388, 1.1081, 1.1405, 1.1136, 1.1624, 1.0934, 1.2241, 1.0589, 
Epoch: 513, Loss: 1.0589
Individual Losses: 1.2386, 1.1080, 1.1405, 1.1135, 1.1624, 1.0934, 1.2240, 1.0588, 
Epoch: 514, Loss: 1.0588
Individual Losses: 1.2385, 1.1080, 1.1405, 1.1135, 1.1624, 1.0933, 1.2239, 1.0587, 
Epoch: 515, Loss: 1.0587
Individual Losses: 1.2384, 1.1079, 1.1405, 1.1135, 1.1623, 1.0933, 1.2238, 1.0586, 
Epoch: 516, Loss: 1.0586
Individual Losses: 1.2382, 1.1079, 1.1405, 1.1134, 1.1623, 1.0932, 1.2237, 1.0585, 
Epoch: 517, Loss: 1.0585
Individual Losses: 1.2381, 1.1078, 1.1404, 1.1134, 1.1623, 1.0932, 1.2236, 1.0584, 
Epoch: 518, Loss: 1.0584
Individual Losses: 1.2380, 1.1078, 1.1404, 1.1133, 1.1622, 1.0931, 1.2235, 1.0583, 
Epoch: 519, Loss: 1.0583
Individual Losses: 1.2378, 1.1077, 1.1404, 1.1133, 1.1622, 1.0931, 1.2234, 1.0581, 
Epoch: 520, Loss: 1.0581
Individual Losses: 1.2377, 1.1077, 1.1404, 1.1133, 1.1622, 1.0930, 1.2233, 1.0580, 
Epoch: 521, Loss: 1.0580
Individual Losses: 1.2376, 1.1076, 1.1404, 1.1132, 1.1621, 1.0930, 1.2232, 1.0579, 
Epoch: 522, Loss: 1.0579
Individual Losses: 1.2374, 1.1076, 1.1404, 1.1132, 1.1621, 1.0929, 1.2231, 1.0578, 
Epoch: 523, Loss: 1.0578
Individual Losses: 1.2373, 1.1075, 1.1404, 1.1132, 1.1621, 1.0928, 1.2230, 1.0577, 
Epoch: 524, Loss: 1.0577
Individual Losses: 1.2372, 1.1075, 1.1404, 1.1131, 1.1620, 1.0928, 1.2229, 1.0576, 
Epoch: 525, Loss: 1.0576
Individual Losses: 1.2371, 1.1074, 1.1404, 1.1131, 1.1620, 1.0927, 1.2228, 1.0575, 
Epoch: 526, Loss: 1.0575
Individual Losses: 1.2369, 1.1074, 1.1403, 1.1130, 1.1620, 1.0927, 1.2228, 1.0574, 
Epoch: 527, Loss: 1.0574
Individual Losses: 1.2368, 1.1073, 1.1403, 1.1130, 1.1619, 1.0926, 1.2227, 1.0573, 
Epoch: 528, Loss: 1.0573
Individual Losses: 1.2367, 1.1073, 1.1403, 1.1130, 1.1619, 1.0926, 1.2226, 1.0572, 
Epoch: 529, Loss: 1.0572
Individual Losses: 1.2365, 1.1072, 1.1403, 1.1129, 1.1619, 1.0925, 1.2225, 1.0571, 
Epoch: 530, Loss: 1.0571
Individual Losses: 1.2364, 1.1072, 1.1403, 1.1129, 1.1618, 1.0925, 1.2224, 1.0570, 
Epoch: 531, Loss: 1.0570
Individual Losses: 1.2363, 1.1071, 1.1403, 1.1129, 1.1618, 1.0924, 1.2223, 1.0569, 
Epoch: 532, Loss: 1.0569
Individual Losses: 1.2361, 1.1071, 1.1403, 1.1128, 1.1618, 1.0924, 1.2222, 1.0568, 
Epoch: 533, Loss: 1.0568
Individual Losses: 1.2360, 1.1070, 1.1403, 1.1128, 1.1617, 1.0923, 1.2221, 1.0566, 
Epoch: 534, Loss: 1.0566
Individual Losses: 1.2359, 1.1070, 1.1403, 1.1128, 1.1617, 1.0923, 1.2220, 1.0565, 
Epoch: 535, Loss: 1.0565
Individual Losses: 1.2358, 1.1069, 1.1403, 1.1127, 1.1617, 1.0922, 1.2219, 1.0564, 
Epoch: 536, Loss: 1.0564
Individual Losses: 1.2356, 1.1069, 1.1403, 1.1127, 1.1616, 1.0922, 1.2218, 1.0563, 
Epoch: 537, Loss: 1.0563
Individual Losses: 1.2355, 1.1068, 1.1402, 1.1127, 1.1616, 1.0921, 1.2217, 1.0562, 
Epoch: 538, Loss: 1.0562
Individual Losses: 1.2354, 1.1068, 1.1402, 1.1126, 1.1616, 1.0921, 1.2216, 1.0561, 
Epoch: 539, Loss: 1.0561
Individual Losses: 1.2352, 1.1067, 1.1402, 1.1126, 1.1615, 1.0920, 1.2215, 1.0560, 
Epoch: 540, Loss: 1.0560
Individual Losses: 1.2351, 1.1067, 1.1402, 1.1126, 1.1615, 1.0920, 1.2215, 1.0559, 
Epoch: 541, Loss: 1.0559
Individual Losses: 1.2350, 1.1066, 1.1402, 1.1125, 1.1615, 1.0919, 1.2214, 1.0558, 
Epoch: 542, Loss: 1.0558
Individual Losses: 1.2348, 1.1066, 1.1402, 1.1125, 1.1614, 1.0919, 1.2213, 1.0557, 
Epoch: 543, Loss: 1.0557
Individual Losses: 1.2347, 1.1065, 1.1402, 1.1125, 1.1614, 1.0918, 1.2212, 1.0556, 
Epoch: 544, Loss: 1.0556
Individual Losses: 1.2346, 1.1065, 1.1402, 1.1124, 1.1614, 1.0918, 1.2211, 1.0555, 
Epoch: 545, Loss: 1.0555
Individual Losses: 1.2345, 1.1064, 1.1402, 1.1124, 1.1614, 1.0917, 1.2210, 1.0554, 
Epoch: 546, Loss: 1.0554
Individual Losses: 1.2343, 1.1064, 1.1402, 1.1124, 1.1613, 1.0917, 1.2209, 1.0553, 
Epoch: 547, Loss: 1.0553
Individual Losses: 1.2342, 1.1063, 1.1402, 1.1123, 1.1613, 1.0916, 1.2208, 1.0552, 
Epoch: 548, Loss: 1.0552
Individual Losses: 1.2341, 1.1063, 1.1402, 1.1123, 1.1613, 1.0916, 1.2207, 1.0551, 
Epoch: 549, Loss: 1.0551
Individual Losses: 1.2339, 1.1062, 1.1402, 1.1123, 1.1612, 1.0916, 1.2206, 1.0550, 
Epoch: 550, Loss: 1.0550
Individual Losses: 1.2338, 1.1062, 1.1402, 1.1122, 1.1612, 1.0915, 1.2205, 1.0549, 
Epoch: 551, Loss: 1.0549
Individual Losses: 1.2337, 1.1061, 1.1402, 1.1122, 1.1612, 1.0915, 1.2204, 1.0548, 
Epoch: 552, Loss: 1.0548
Individual Losses: 1.2336, 1.1061, 1.1402, 1.1122, 1.1611, 1.0914, 1.2203, 1.0547, 
Epoch: 553, Loss: 1.0547
Individual Losses: 1.2334, 1.1060, 1.1401, 1.1121, 1.1611, 1.0914, 1.2203, 1.0546, 
Epoch: 554, Loss: 1.0546
Individual Losses: 1.2333, 1.1060, 1.1401, 1.1121, 1.1611, 1.0913, 1.2202, 1.0545, 
Epoch: 555, Loss: 1.0545
Individual Losses: 1.2332, 1.1059, 1.1401, 1.1121, 1.1611, 1.0913, 1.2201, 1.0544, 
Epoch: 556, Loss: 1.0544
Individual Losses: 1.2331, 1.1059, 1.1401, 1.1120, 1.1610, 1.0912, 1.2200, 1.0543, 
Epoch: 557, Loss: 1.0543
Individual Losses: 1.2329, 1.1058, 1.1401, 1.1120, 1.1610, 1.0912, 1.2199, 1.0542, 
Epoch: 558, Loss: 1.0542
Individual Losses: 1.2328, 1.1058, 1.1401, 1.1120, 1.1610, 1.0911, 1.2198, 1.0541, 
Epoch: 559, Loss: 1.0541
Individual Losses: 1.2327, 1.1057, 1.1401, 1.1119, 1.1609, 1.0911, 1.2197, 1.0540, 
Epoch: 560, Loss: 1.0540
Individual Losses: 1.2325, 1.1057, 1.1401, 1.1119, 1.1609, 1.0911, 1.2196, 1.0539, 
Epoch: 561, Loss: 1.0539
Individual Losses: 1.2324, 1.1056, 1.1401, 1.1119, 1.1609, 1.0910, 1.2195, 1.0538, 
Epoch: 562, Loss: 1.0538
Individual Losses: 1.2323, 1.1056, 1.1401, 1.1119, 1.1609, 1.0910, 1.2194, 1.0537, 
Epoch: 563, Loss: 1.0537
Individual Losses: 1.2322, 1.1055, 1.1401, 1.1118, 1.1608, 1.0909, 1.2193, 1.0536, 
Epoch: 564, Loss: 1.0536
Individual Losses: 1.2320, 1.1055, 1.1401, 1.1118, 1.1608, 1.0909, 1.2192, 1.0535, 
Epoch: 565, Loss: 1.0535
Individual Losses: 1.2319, 1.1055, 1.1401, 1.1118, 1.1608, 1.0908, 1.2192, 1.0534, 
Epoch: 566, Loss: 1.0534
Individual Losses: 1.2318, 1.1054, 1.1401, 1.1117, 1.1607, 1.0908, 1.2191, 1.0533, 
Epoch: 567, Loss: 1.0533
Individual Losses: 1.2317, 1.1054, 1.1401, 1.1117, 1.1607, 1.0907, 1.2190, 1.0533, 
Epoch: 568, Loss: 1.0533
Individual Losses: 1.2315, 1.1053, 1.1401, 1.1117, 1.1607, 1.0907, 1.2189, 1.0532, 
Epoch: 569, Loss: 1.0532
Individual Losses: 1.2314, 1.1053, 1.1401, 1.1117, 1.1607, 1.0907, 1.2188, 1.0531, 
Epoch: 570, Loss: 1.0531
Individual Losses: 1.2313, 1.1052, 1.1401, 1.1116, 1.1606, 1.0906, 1.2187, 1.0530, 
Epoch: 571, Loss: 1.0530
Individual Losses: 1.2312, 1.1052, 1.1401, 1.1116, 1.1606, 1.0906, 1.2186, 1.0529, 
Epoch: 572, Loss: 1.0529
Individual Losses: 1.2310, 1.1051, 1.1401, 1.1116, 1.1606, 1.0905, 1.2185, 1.0528, 
Epoch: 573, Loss: 1.0528
Individual Losses: 1.2309, 1.1051, 1.1401, 1.1115, 1.1606, 1.0905, 1.2184, 1.0527, 
Epoch: 574, Loss: 1.0527
Individual Losses: 1.2308, 1.1050, 1.1401, 1.1115, 1.1605, 1.0905, 1.2183, 1.0526, 
Epoch: 575, Loss: 1.0526
Individual Losses: 1.2307, 1.1050, 1.1401, 1.1115, 1.1605, 1.0904, 1.2182, 1.0525, 
Epoch: 576, Loss: 1.0525
Individual Losses: 1.2305, 1.1049, 1.1401, 1.1115, 1.1605, 1.0904, 1.2182, 1.0524, 
Epoch: 577, Loss: 1.0524
Individual Losses: 1.2304, 1.1049, 1.1401, 1.1114, 1.1605, 1.0903, 1.2181, 1.0523, 
Epoch: 578, Loss: 1.0523
Individual Losses: 1.2303, 1.1048, 1.1401, 1.1114, 1.1604, 1.0903, 1.2180, 1.0522, 
Epoch: 579, Loss: 1.0522
Individual Losses: 1.2302, 1.1048, 1.1401, 1.1114, 1.1604, 1.0903, 1.2179, 1.0521, 
Epoch: 580, Loss: 1.0521
Individual Losses: 1.2300, 1.1047, 1.1401, 1.1113, 1.1604, 1.0902, 1.2178, 1.0520, 
Epoch: 581, Loss: 1.0520
Individual Losses: 1.2299, 1.1047, 1.1401, 1.1113, 1.1603, 1.0902, 1.2177, 1.0519, 
Epoch: 582, Loss: 1.0519
Individual Losses: 1.2298, 1.1047, 1.1401, 1.1113, 1.1603, 1.0901, 1.2176, 1.0518, 
Epoch: 583, Loss: 1.0518
Individual Losses: 1.2297, 1.1046, 1.1401, 1.1113, 1.1603, 1.0901, 1.2175, 1.0517, 
Epoch: 584, Loss: 1.0517
Individual Losses: 1.2295, 1.1046, 1.1401, 1.1112, 1.1603, 1.0901, 1.2174, 1.0516, 
Epoch: 585, Loss: 1.0516
Individual Losses: 1.2294, 1.1045, 1.1401, 1.1112, 1.1602, 1.0900, 1.2174, 1.0516, 
Epoch: 586, Loss: 1.0516
Individual Losses: 1.2293, 1.1045, 1.1401, 1.1112, 1.1602, 1.0900, 1.2173, 1.0515, 
Epoch: 587, Loss: 1.0515
Individual Losses: 1.2292, 1.1044, 1.1401, 1.1111, 1.1602, 1.0899, 1.2172, 1.0514, 
Epoch: 588, Loss: 1.0514
Individual Losses: 1.2291, 1.1044, 1.1401, 1.1111, 1.1602, 1.0899, 1.2171, 1.0513, 
Epoch: 589, Loss: 1.0513
Individual Losses: 1.2289, 1.1043, 1.1401, 1.1111, 1.1601, 1.0899, 1.2170, 1.0512, 
Epoch: 590, Loss: 1.0512
Individual Losses: 1.2288, 1.1043, 1.1401, 1.1111, 1.1601, 1.0898, 1.2169, 1.0511, 
Epoch: 591, Loss: 1.0511
Individual Losses: 1.2287, 1.1042, 1.1401, 1.1110, 1.1601, 1.0898, 1.2168, 1.0510, 
Epoch: 592, Loss: 1.0510
Individual Losses: 1.2286, 1.1042, 1.1401, 1.1110, 1.1601, 1.0898, 1.2167, 1.0509, 
Epoch: 593, Loss: 1.0509
Individual Losses: 1.2284, 1.1042, 1.1401, 1.1110, 1.1600, 1.0897, 1.2166, 1.0508, 
Epoch: 594, Loss: 1.0508
Individual Losses: 1.2283, 1.1041, 1.1401, 1.1110, 1.1600, 1.0897, 1.2166, 1.0507, 
Epoch: 595, Loss: 1.0507
Individual Losses: 1.2282, 1.1041, 1.1401, 1.1109, 1.1600, 1.0896, 1.2165, 1.0506, 
Epoch: 596, Loss: 1.0506
Individual Losses: 1.2281, 1.1040, 1.1401, 1.1109, 1.1600, 1.0896, 1.2164, 1.0505, 
Epoch: 597, Loss: 1.0505
Individual Losses: 1.2279, 1.1040, 1.1401, 1.1109, 1.1599, 1.0896, 1.2163, 1.0504, 
Epoch: 598, Loss: 1.0504
Individual Losses: 1.2278, 1.1039, 1.1401, 1.1109, 1.1599, 1.0895, 1.2162, 1.0504, 
Epoch: 599, Loss: 1.0504
Individual Losses: 1.2277, 1.1039, 1.1401, 1.1108, 1.1599, 1.0895, 1.2161, 1.0503, 
Epoch: 600, Loss: 1.0503
Individual Losses: 1.2276, 1.1038, 1.1401, 1.1108, 1.1599, 1.0895, 1.2160, 1.0502, 
Epoch: 601, Loss: 1.0502
Individual Losses: 1.2275, 1.1038, 1.1401, 1.1108, 1.1599, 1.0894, 1.2159, 1.0501, 
Epoch: 602, Loss: 1.0501
Individual Losses: 1.2273, 1.1038, 1.1401, 1.1108, 1.1598, 1.0894, 1.2158, 1.0500, 
Epoch: 603, Loss: 1.0500
Individual Losses: 1.2272, 1.1037, 1.1401, 1.1107, 1.1598, 1.0894, 1.2158, 1.0499, 
Epoch: 604, Loss: 1.0499
Individual Losses: 1.2271, 1.1037, 1.1402, 1.1107, 1.1598, 1.0893, 1.2157, 1.0498, 
Epoch: 605, Loss: 1.0498
Individual Losses: 1.2270, 1.1036, 1.1402, 1.1107, 1.1598, 1.0893, 1.2156, 1.0497, 
Epoch: 606, Loss: 1.0497
Individual Losses: 1.2268, 1.1036, 1.1402, 1.1107, 1.1597, 1.0893, 1.2155, 1.0496, 
Epoch: 607, Loss: 1.0496
Individual Losses: 1.2267, 1.1035, 1.1402, 1.1106, 1.1597, 1.0892, 1.2154, 1.0495, 
Epoch: 608, Loss: 1.0495
Individual Losses: 1.2266, 1.1035, 1.1402, 1.1106, 1.1597, 1.0892, 1.2153, 1.0494, 
Epoch: 609, Loss: 1.0494
Individual Losses: 1.2265, 1.1034, 1.1402, 1.1106, 1.1597, 1.0892, 1.2152, 1.0494, 
Epoch: 610, Loss: 1.0494
Individual Losses: 1.2264, 1.1034, 1.1402, 1.1105, 1.1596, 1.0891, 1.2151, 1.0493, 
Epoch: 611, Loss: 1.0493
Individual Losses: 1.2262, 1.1034, 1.1402, 1.1105, 1.1596, 1.0891, 1.2151, 1.0492, 
Epoch: 612, Loss: 1.0492
Individual Losses: 1.2261, 1.1033, 1.1402, 1.1105, 1.1596, 1.0891, 1.2150, 1.0491, 
Epoch: 613, Loss: 1.0491
Individual Losses: 1.2260, 1.1033, 1.1402, 1.1105, 1.1596, 1.0890, 1.2149, 1.0490, 
Epoch: 614, Loss: 1.0490
Individual Losses: 1.2259, 1.1032, 1.1402, 1.1104, 1.1596, 1.0890, 1.2148, 1.0489, 
Epoch: 615, Loss: 1.0489
Individual Losses: 1.2258, 1.1032, 1.1402, 1.1104, 1.1595, 1.0890, 1.2147, 1.0488, 
Epoch: 616, Loss: 1.0488
Individual Losses: 1.2256, 1.1031, 1.1402, 1.1104, 1.1595, 1.0889, 1.2146, 1.0487, 
Epoch: 617, Loss: 1.0487
Individual Losses: 1.2255, 1.1031, 1.1402, 1.1104, 1.1595, 1.0889, 1.2145, 1.0486, 
Epoch: 618, Loss: 1.0486
Individual Losses: 1.2254, 1.1030, 1.1402, 1.1103, 1.1595, 1.0889, 1.2145, 1.0485, 
Epoch: 619, Loss: 1.0485
Individual Losses: 1.2253, 1.1030, 1.1402, 1.1103, 1.1594, 1.0888, 1.2144, 1.0485, 
Epoch: 620, Loss: 1.0485
Individual Losses: 1.2252, 1.1030, 1.1402, 1.1103, 1.1594, 1.0888, 1.2143, 1.0484, 
Epoch: 621, Loss: 1.0484
Individual Losses: 1.2250, 1.1029, 1.1402, 1.1103, 1.1594, 1.0888, 1.2142, 1.0483, 
Epoch: 622, Loss: 1.0483
Individual Losses: 1.2249, 1.1029, 1.1402, 1.1102, 1.1594, 1.0888, 1.2141, 1.0482, 
Epoch: 623, Loss: 1.0482
Individual Losses: 1.2248, 1.1028, 1.1402, 1.1102, 1.1594, 1.0887, 1.2140, 1.0481, 
Epoch: 624, Loss: 1.0481
Individual Losses: 1.2247, 1.1028, 1.1402, 1.1102, 1.1593, 1.0887, 1.2139, 1.0480, 
Epoch: 625, Loss: 1.0480
Individual Losses: 1.2246, 1.1027, 1.1402, 1.1102, 1.1593, 1.0887, 1.2139, 1.0479, 
Epoch: 626, Loss: 1.0479
Individual Losses: 1.2244, 1.1027, 1.1402, 1.1102, 1.1593, 1.0886, 1.2138, 1.0478, 
Epoch: 627, Loss: 1.0478
Individual Losses: 1.2243, 1.1027, 1.1402, 1.1101, 1.1593, 1.0886, 1.2137, 1.0477, 
Epoch: 628, Loss: 1.0477
Individual Losses: 1.2242, 1.1026, 1.1402, 1.1101, 1.1593, 1.0886, 1.2136, 1.0477, 
Epoch: 629, Loss: 1.0477
Individual Losses: 1.2241, 1.1026, 1.1403, 1.1101, 1.1592, 1.0886, 1.2135, 1.0476, 
Epoch: 630, Loss: 1.0476
Individual Losses: 1.2240, 1.1025, 1.1403, 1.1101, 1.1592, 1.0885, 1.2134, 1.0475, 
Epoch: 631, Loss: 1.0475
Individual Losses: 1.2239, 1.1025, 1.1403, 1.1100, 1.1592, 1.0885, 1.2133, 1.0474, 
Epoch: 632, Loss: 1.0474
Individual Losses: 1.2237, 1.1024, 1.1403, 1.1100, 1.1592, 1.0885, 1.2133, 1.0473, 
Epoch: 633, Loss: 1.0473
Individual Losses: 1.2236, 1.1024, 1.1403, 1.1100, 1.1592, 1.0884, 1.2132, 1.0472, 
Epoch: 634, Loss: 1.0472
Individual Losses: 1.2235, 1.1024, 1.1403, 1.1100, 1.1591, 1.0884, 1.2131, 1.0471, 
Epoch: 635, Loss: 1.0471
Individual Losses: 1.2234, 1.1023, 1.1403, 1.1099, 1.1591, 1.0884, 1.2130, 1.0470, 
Epoch: 636, Loss: 1.0470
Individual Losses: 1.2233, 1.1023, 1.1403, 1.1099, 1.1591, 1.0884, 1.2129, 1.0469, 
Epoch: 637, Loss: 1.0469
Individual Losses: 1.2231, 1.1022, 1.1403, 1.1099, 1.1591, 1.0883, 1.2128, 1.0469, 
Epoch: 638, Loss: 1.0469
Individual Losses: 1.2230, 1.1022, 1.1403, 1.1099, 1.1591, 1.0883, 1.2128, 1.0468, 
Epoch: 639, Loss: 1.0468
Individual Losses: 1.2229, 1.1021, 1.1403, 1.1098, 1.1590, 1.0883, 1.2127, 1.0467, 
Epoch: 640, Loss: 1.0467
Individual Losses: 1.2228, 1.1021, 1.1403, 1.1098, 1.1590, 1.0883, 1.2126, 1.0466, 
Epoch: 641, Loss: 1.0466
Individual Losses: 1.2227, 1.1021, 1.1403, 1.1098, 1.1590, 1.0882, 1.2125, 1.0465, 
Epoch: 642, Loss: 1.0465
Individual Losses: 1.2226, 1.1020, 1.1403, 1.1098, 1.1590, 1.0882, 1.2124, 1.0464, 
Epoch: 643, Loss: 1.0464
Individual Losses: 1.2224, 1.1020, 1.1403, 1.1097, 1.1590, 1.0882, 1.2123, 1.0463, 
Epoch: 644, Loss: 1.0463
Individual Losses: 1.2223, 1.1019, 1.1403, 1.1097, 1.1589, 1.0882, 1.2123, 1.0462, 
Epoch: 645, Loss: 1.0462
Individual Losses: 1.2222, 1.1019, 1.1403, 1.1097, 1.1589, 1.0881, 1.2122, 1.0461, 
Epoch: 646, Loss: 1.0461
Individual Losses: 1.2221, 1.1018, 1.1403, 1.1097, 1.1589, 1.0881, 1.2121, 1.0461, 
Epoch: 647, Loss: 1.0461
Individual Losses: 1.2220, 1.1018, 1.1403, 1.1096, 1.1589, 1.0881, 1.2120, 1.0460, 
Epoch: 648, Loss: 1.0460
Individual Losses: 1.2219, 1.1018, 1.1404, 1.1096, 1.1589, 1.0881, 1.2119, 1.0459, 
Epoch: 649, Loss: 1.0459
Individual Losses: 1.2217, 1.1017, 1.1404, 1.1096, 1.1588, 1.0880, 1.2118, 1.0458, 
Epoch: 650, Loss: 1.0458
Individual Losses: 1.2216, 1.1017, 1.1404, 1.1096, 1.1588, 1.0880, 1.2118, 1.0457, 
Epoch: 651, Loss: 1.0457
Individual Losses: 1.2215, 1.1016, 1.1404, 1.1095, 1.1588, 1.0880, 1.2117, 1.0456, 
Epoch: 652, Loss: 1.0456
Individual Losses: 1.2214, 1.1016, 1.1404, 1.1095, 1.1588, 1.0880, 1.2116, 1.0455, 
Epoch: 653, Loss: 1.0455
Individual Losses: 1.2213, 1.1015, 1.1404, 1.1095, 1.1588, 1.0879, 1.2115, 1.0454, 
Epoch: 654, Loss: 1.0454
Individual Losses: 1.2212, 1.1015, 1.1404, 1.1095, 1.1587, 1.0879, 1.2114, 1.0453, 
Epoch: 655, Loss: 1.0453
Individual Losses: 1.2210, 1.1015, 1.1404, 1.1095, 1.1587, 1.0879, 1.2113, 1.0453, 
Epoch: 656, Loss: 1.0453
Individual Losses: 1.2209, 1.1014, 1.1404, 1.1094, 1.1587, 1.0879, 1.2113, 1.0452, 
Epoch: 657, Loss: 1.0452
Individual Losses: 1.2208, 1.1014, 1.1404, 1.1094, 1.1587, 1.0878, 1.2112, 1.0451, 
Epoch: 658, Loss: 1.0451
Individual Losses: 1.2207, 1.1013, 1.1404, 1.1094, 1.1587, 1.0878, 1.2111, 1.0450, 
Epoch: 659, Loss: 1.0450
Individual Losses: 1.2206, 1.1013, 1.1404, 1.1094, 1.1587, 1.0878, 1.2110, 1.0449, 
Epoch: 660, Loss: 1.0449
Individual Losses: 1.2205, 1.1013, 1.1404, 1.1093, 1.1586, 1.0878, 1.2109, 1.0448, 
Epoch: 661, Loss: 1.0448
Individual Losses: 1.2203, 1.1012, 1.1404, 1.1093, 1.1586, 1.0877, 1.2108, 1.0447, 
Epoch: 662, Loss: 1.0447
Individual Losses: 1.2202, 1.1012, 1.1404, 1.1093, 1.1586, 1.0877, 1.2108, 1.0446, 
Epoch: 663, Loss: 1.0446
Individual Losses: 1.2201, 1.1011, 1.1404, 1.1093, 1.1586, 1.0877, 1.2107, 1.0445, 
Epoch: 664, Loss: 1.0445
Individual Losses: 1.2200, 1.1011, 1.1404, 1.1092, 1.1586, 1.0877, 1.2106, 1.0445, 
Epoch: 665, Loss: 1.0445
Individual Losses: 1.2199, 1.1010, 1.1404, 1.1092, 1.1585, 1.0877, 1.2105, 1.0444, 
Epoch: 666, Loss: 1.0444
Individual Losses: 1.2198, 1.1010, 1.1405, 1.1092, 1.1585, 1.0876, 1.2104, 1.0443, 
Epoch: 667, Loss: 1.0443
Individual Losses: 1.2197, 1.1010, 1.1405, 1.1092, 1.1585, 1.0876, 1.2104, 1.0442, 
Epoch: 668, Loss: 1.0442
Individual Losses: 1.2195, 1.1009, 1.1405, 1.1091, 1.1585, 1.0876, 1.2103, 1.0441, 
Epoch: 669, Loss: 1.0441
Individual Losses: 1.2194, 1.1009, 1.1405, 1.1091, 1.1585, 1.0876, 1.2102, 1.0440, 
Epoch: 670, Loss: 1.0440
Individual Losses: 1.2193, 1.1008, 1.1405, 1.1091, 1.1585, 1.0876, 1.2101, 1.0439, 
Epoch: 671, Loss: 1.0439
Individual Losses: 1.2192, 1.1008, 1.1405, 1.1091, 1.1584, 1.0875, 1.2100, 1.0438, 
Epoch: 672, Loss: 1.0438
Individual Losses: 1.2191, 1.1008, 1.1405, 1.1090, 1.1584, 1.0875, 1.2100, 1.0437, 
Epoch: 673, Loss: 1.0437
Individual Losses: 1.2190, 1.1007, 1.1405, 1.1090, 1.1584, 1.0875, 1.2099, 1.0437, 
Epoch: 674, Loss: 1.0437
Individual Losses: 1.2189, 1.1007, 1.1405, 1.1090, 1.1584, 1.0875, 1.2098, 1.0436, 
Epoch: 675, Loss: 1.0436
Individual Losses: 1.2187, 1.1006, 1.1405, 1.1090, 1.1584, 1.0875, 1.2097, 1.0435, 
Epoch: 676, Loss: 1.0435
Individual Losses: 1.2186, 1.1006, 1.1405, 1.1090, 1.1584, 1.0874, 1.2096, 1.0434, 
Epoch: 677, Loss: 1.0434
Individual Losses: 1.2185, 1.1005, 1.1405, 1.1089, 1.1583, 1.0874, 1.2095, 1.0433, 
Epoch: 678, Loss: 1.0433
Individual Losses: 1.2184, 1.1005, 1.1405, 1.1089, 1.1583, 1.0874, 1.2095, 1.0432, 
Epoch: 679, Loss: 1.0432
Individual Losses: 1.2183, 1.1005, 1.1405, 1.1089, 1.1583, 1.0874, 1.2094, 1.0431, 
Epoch: 680, Loss: 1.0431
Individual Losses: 1.2182, 1.1004, 1.1405, 1.1089, 1.1583, 1.0874, 1.2093, 1.0430, 
Epoch: 681, Loss: 1.0430
Individual Losses: 1.2181, 1.1004, 1.1405, 1.1088, 1.1583, 1.0873, 1.2092, 1.0429, 
Epoch: 682, Loss: 1.0429
Individual Losses: 1.2180, 1.1003, 1.1405, 1.1088, 1.1583, 1.0873, 1.2091, 1.0428, 
Epoch: 683, Loss: 1.0428
Individual Losses: 1.2178, 1.1003, 1.1406, 1.1088, 1.1582, 1.0873, 1.2091, 1.0428, 
Epoch: 684, Loss: 1.0428
Individual Losses: 1.2177, 1.1003, 1.1406, 1.1088, 1.1582, 1.0873, 1.2090, 1.0427, 
Epoch: 685, Loss: 1.0427
Individual Losses: 1.2176, 1.1002, 1.1406, 1.1087, 1.1582, 1.0873, 1.2089, 1.0426, 
Epoch: 686, Loss: 1.0426
Individual Losses: 1.2175, 1.1002, 1.1406, 1.1087, 1.1582, 1.0873, 1.2088, 1.0425, 
Epoch: 687, Loss: 1.0425
Individual Losses: 1.2174, 1.1001, 1.1406, 1.1087, 1.1582, 1.0872, 1.2087, 1.0424, 
Epoch: 688, Loss: 1.0424
Individual Losses: 1.2173, 1.1001, 1.1406, 1.1087, 1.1582, 1.0872, 1.2087, 1.0423, 
Epoch: 689, Loss: 1.0423
Individual Losses: 1.2172, 1.1000, 1.1406, 1.1086, 1.1581, 1.0872, 1.2086, 1.0422, 
Epoch: 690, Loss: 1.0422
Individual Losses: 1.2171, 1.1000, 1.1406, 1.1086, 1.1581, 1.0872, 1.2085, 1.0421, 
Epoch: 691, Loss: 1.0421
Individual Losses: 1.2169, 1.1000, 1.1406, 1.1086, 1.1581, 1.0872, 1.2084, 1.0420, 
Epoch: 692, Loss: 1.0420
Individual Losses: 1.2168, 1.0999, 1.1406, 1.1086, 1.1581, 1.0872, 1.2083, 1.0419, 
Epoch: 693, Loss: 1.0419
Individual Losses: 1.2167, 1.0999, 1.1406, 1.1086, 1.1581, 1.0871, 1.2083, 1.0419, 
Epoch: 694, Loss: 1.0419
Individual Losses: 1.2166, 1.0998, 1.1406, 1.1085, 1.1581, 1.0871, 1.2082, 1.0418, 
Epoch: 695, Loss: 1.0418
Individual Losses: 1.2165, 1.0998, 1.1406, 1.1085, 1.1581, 1.0871, 1.2081, 1.0417, 
Epoch: 696, Loss: 1.0417
Individual Losses: 1.2164, 1.0998, 1.1406, 1.1085, 1.1580, 1.0871, 1.2080, 1.0416, 
Epoch: 697, Loss: 1.0416
Individual Losses: 1.2163, 1.0997, 1.1406, 1.1085, 1.1580, 1.0871, 1.2080, 1.0415, 
Epoch: 698, Loss: 1.0415
Individual Losses: 1.2162, 1.0997, 1.1406, 1.1084, 1.1580, 1.0871, 1.2079, 1.0414, 
Epoch: 699, Loss: 1.0414
Individual Losses: 1.2161, 1.0996, 1.1406, 1.1084, 1.1580, 1.0870, 1.2078, 1.0413, 
Epoch: 700, Loss: 1.0413
Individual Losses: 1.2159, 1.0996, 1.1407, 1.1084, 1.1580, 1.0870, 1.2077, 1.0412, 
Epoch: 701, Loss: 1.0412
Individual Losses: 1.2158, 1.0996, 1.1407, 1.1084, 1.1580, 1.0870, 1.2076, 1.0411, 
Epoch: 702, Loss: 1.0411
Individual Losses: 1.2157, 1.0995, 1.1407, 1.1083, 1.1579, 1.0870, 1.2076, 1.0410, 
Epoch: 703, Loss: 1.0410
Individual Losses: 1.2156, 1.0995, 1.1407, 1.1083, 1.1579, 1.0870, 1.2075, 1.0409, 
Epoch: 704, Loss: 1.0409
Individual Losses: 1.2155, 1.0994, 1.1407, 1.1083, 1.1579, 1.0870, 1.2074, 1.0409, 
Epoch: 705, Loss: 1.0409
Individual Losses: 1.2154, 1.0994, 1.1407, 1.1083, 1.1579, 1.0869, 1.2073, 1.0408, 
Epoch: 706, Loss: 1.0408
Individual Losses: 1.2153, 1.0993, 1.1407, 1.1082, 1.1579, 1.0869, 1.2072, 1.0407, 
Epoch: 707, Loss: 1.0407
Individual Losses: 1.2152, 1.0993, 1.1407, 1.1082, 1.1579, 1.0869, 1.2072, 1.0406, 
Epoch: 708, Loss: 1.0406
Individual Losses: 1.2151, 1.0993, 1.1407, 1.1082, 1.1579, 1.0869, 1.2071, 1.0405, 
Epoch: 709, Loss: 1.0405
Individual Losses: 1.2149, 1.0992, 1.1407, 1.1082, 1.1578, 1.0869, 1.2070, 1.0404, 
Epoch: 710, Loss: 1.0404
Individual Losses: 1.2148, 1.0992, 1.1407, 1.1081, 1.1578, 1.0869, 1.2069, 1.0403, 
Epoch: 711, Loss: 1.0403
Individual Losses: 1.2147, 1.0991, 1.1407, 1.1081, 1.1578, 1.0869, 1.2068, 1.0402, 
Epoch: 712, Loss: 1.0402
Individual Losses: 1.2146, 1.0991, 1.1407, 1.1081, 1.1578, 1.0868, 1.2068, 1.0401, 
Epoch: 713, Loss: 1.0401
Individual Losses: 1.2145, 1.0991, 1.1407, 1.1081, 1.1578, 1.0868, 1.2067, 1.0400, 
Epoch: 714, Loss: 1.0400
Individual Losses: 1.2144, 1.0990, 1.1407, 1.1080, 1.1578, 1.0868, 1.2066, 1.0399, 
Epoch: 715, Loss: 1.0399
Individual Losses: 1.2143, 1.0990, 1.1407, 1.1080, 1.1578, 1.0868, 1.2065, 1.0399, 
Epoch: 716, Loss: 1.0399
Individual Losses: 1.2142, 1.0989, 1.1408, 1.1080, 1.1577, 1.0868, 1.2065, 1.0398, 
Epoch: 717, Loss: 1.0398
Individual Losses: 1.2141, 1.0989, 1.1408, 1.1080, 1.1577, 1.0868, 1.2064, 1.0397, 
Epoch: 718, Loss: 1.0397
Individual Losses: 1.2140, 1.0988, 1.1408, 1.1080, 1.1577, 1.0868, 1.2063, 1.0396, 
Epoch: 719, Loss: 1.0396
Individual Losses: 1.2139, 1.0988, 1.1408, 1.1079, 1.1577, 1.0867, 1.2062, 1.0395, 
Epoch: 720, Loss: 1.0395
Individual Losses: 1.2138, 1.0988, 1.1408, 1.1079, 1.1577, 1.0867, 1.2061, 1.0394, 
Epoch: 721, Loss: 1.0394
Individual Losses: 1.2136, 1.0987, 1.1408, 1.1079, 1.1577, 1.0867, 1.2061, 1.0393, 
Epoch: 722, Loss: 1.0393
Individual Losses: 1.2135, 1.0987, 1.1408, 1.1079, 1.1577, 1.0867, 1.2060, 1.0392, 
Epoch: 723, Loss: 1.0392
Individual Losses: 1.2134, 1.0986, 1.1408, 1.1078, 1.1576, 1.0867, 1.2059, 1.0391, 
Epoch: 724, Loss: 1.0391
Individual Losses: 1.2133, 1.0986, 1.1408, 1.1078, 1.1576, 1.0867, 1.2058, 1.0390, 
Epoch: 725, Loss: 1.0390
Individual Losses: 1.2132, 1.0986, 1.1408, 1.1078, 1.1576, 1.0867, 1.2058, 1.0389, 
Epoch: 726, Loss: 1.0389
Individual Losses: 1.2131, 1.0985, 1.1408, 1.1078, 1.1576, 1.0867, 1.2057, 1.0388, 
Epoch: 727, Loss: 1.0388
Individual Losses: 1.2130, 1.0985, 1.1408, 1.1077, 1.1576, 1.0866, 1.2056, 1.0387, 
Epoch: 728, Loss: 1.0387
Individual Losses: 1.2129, 1.0984, 1.1408, 1.1077, 1.1576, 1.0866, 1.2055, 1.0387, 
Epoch: 729, Loss: 1.0387
Individual Losses: 1.2128, 1.0984, 1.1408, 1.1077, 1.1576, 1.0866, 1.2054, 1.0386, 
Epoch: 730, Loss: 1.0386
Individual Losses: 1.2127, 1.0984, 1.1408, 1.1077, 1.1575, 1.0866, 1.2054, 1.0385, 
Epoch: 731, Loss: 1.0385
Individual Losses: 1.2126, 1.0983, 1.1408, 1.1076, 1.1575, 1.0866, 1.2053, 1.0384, 
Epoch: 732, Loss: 1.0384
Individual Losses: 1.2125, 1.0983, 1.1408, 1.1076, 1.1575, 1.0866, 1.2052, 1.0383, 
Epoch: 733, Loss: 1.0383
Individual Losses: 1.2124, 1.0982, 1.1409, 1.1076, 1.1575, 1.0866, 1.2051, 1.0382, 
Epoch: 734, Loss: 1.0382
Individual Losses: 1.2122, 1.0982, 1.1409, 1.1076, 1.1575, 1.0866, 1.2051, 1.0381, 
Epoch: 735, Loss: 1.0381
Individual Losses: 1.2121, 1.0981, 1.1409, 1.1075, 1.1575, 1.0866, 1.2050, 1.0380, 
Epoch: 736, Loss: 1.0380
Individual Losses: 1.2120, 1.0981, 1.1409, 1.1075, 1.1575, 1.0865, 1.2049, 1.0379, 
Epoch: 737, Loss: 1.0379
Individual Losses: 1.2119, 1.0981, 1.1409, 1.1075, 1.1574, 1.0865, 1.2048, 1.0378, 
Epoch: 738, Loss: 1.0378
Individual Losses: 1.2118, 1.0980, 1.1409, 1.1075, 1.1574, 1.0865, 1.2047, 1.0377, 
Epoch: 739, Loss: 1.0377
Individual Losses: 1.2117, 1.0980, 1.1409, 1.1074, 1.1574, 1.0865, 1.2047, 1.0376, 
Epoch: 740, Loss: 1.0376
Individual Losses: 1.2116, 1.0979, 1.1409, 1.1074, 1.1574, 1.0865, 1.2046, 1.0375, 
Epoch: 741, Loss: 1.0375
Individual Losses: 1.2115, 1.0979, 1.1409, 1.1074, 1.1574, 1.0865, 1.2045, 1.0374, 
Epoch: 742, Loss: 1.0374
Individual Losses: 1.2114, 1.0979, 1.1409, 1.1074, 1.1574, 1.0865, 1.2044, 1.0373, 
Epoch: 743, Loss: 1.0373
Individual Losses: 1.2113, 1.0978, 1.1409, 1.1073, 1.1574, 1.0865, 1.2044, 1.0372, 
Epoch: 744, Loss: 1.0372
Individual Losses: 1.2112, 1.0978, 1.1409, 1.1073, 1.1574, 1.0865, 1.2043, 1.0372, 
Epoch: 745, Loss: 1.0372
Individual Losses: 1.2111, 1.0977, 1.1409, 1.1073, 1.1573, 1.0864, 1.2042, 1.0371, 
Epoch: 746, Loss: 1.0371
Individual Losses: 1.2110, 1.0977, 1.1409, 1.1073, 1.1573, 1.0864, 1.2041, 1.0370, 
Epoch: 747, Loss: 1.0370
Individual Losses: 1.2109, 1.0976, 1.1409, 1.1072, 1.1573, 1.0864, 1.2040, 1.0369, 
Epoch: 748, Loss: 1.0369
Individual Losses: 1.2108, 1.0976, 1.1410, 1.1072, 1.1573, 1.0864, 1.2040, 1.0368, 
Epoch: 749, Loss: 1.0368
Individual Losses: 1.2107, 1.0976, 1.1410, 1.1072, 1.1573, 1.0864, 1.2039, 1.0367, 
Epoch: 750, Loss: 1.0367
Individual Losses: 1.2106, 1.0975, 1.1410, 1.1072, 1.1573, 1.0864, 1.2038, 1.0366, 
Epoch: 751, Loss: 1.0366
Individual Losses: 1.2105, 1.0975, 1.1410, 1.1071, 1.1573, 1.0864, 1.2037, 1.0365, 
Epoch: 752, Loss: 1.0365
Individual Losses: 1.2104, 1.0974, 1.1410, 1.1071, 1.1573, 1.0864, 1.2037, 1.0364, 
Epoch: 753, Loss: 1.0364
Individual Losses: 1.2103, 1.0974, 1.1410, 1.1071, 1.1572, 1.0864, 1.2036, 1.0363, 
Epoch: 754, Loss: 1.0363
Individual Losses: 1.2101, 1.0974, 1.1410, 1.1071, 1.1572, 1.0863, 1.2035, 1.0362, 
Epoch: 755, Loss: 1.0362
Individual Losses: 1.2100, 1.0973, 1.1410, 1.1070, 1.1572, 1.0863, 1.2034, 1.0361, 
Epoch: 756, Loss: 1.0361
Individual Losses: 1.2099, 1.0973, 1.1410, 1.1070, 1.1572, 1.0863, 1.2034, 1.0360, 
Epoch: 757, Loss: 1.0360
Individual Losses: 1.2098, 1.0972, 1.1410, 1.1070, 1.1572, 1.0863, 1.2033, 1.0359, 
Epoch: 758, Loss: 1.0359
Individual Losses: 1.2097, 1.0972, 1.1410, 1.1070, 1.1572, 1.0863, 1.2032, 1.0358, 
Epoch: 759, Loss: 1.0358
Individual Losses: 1.2096, 1.0971, 1.1410, 1.1069, 1.1572, 1.0863, 1.2031, 1.0357, 
Epoch: 760, Loss: 1.0357
Individual Losses: 1.2095, 1.0971, 1.1410, 1.1069, 1.1572, 1.0863, 1.2030, 1.0356, 
Epoch: 761, Loss: 1.0356
Individual Losses: 1.2094, 1.0971, 1.1410, 1.1069, 1.1571, 1.0863, 1.2030, 1.0355, 
Epoch: 762, Loss: 1.0355
Individual Losses: 1.2093, 1.0970, 1.1411, 1.1069, 1.1571, 1.0863, 1.2029, 1.0354, 
Epoch: 763, Loss: 1.0354
Individual Losses: 1.2092, 1.0970, 1.1411, 1.1068, 1.1571, 1.0863, 1.2028, 1.0353, 
Epoch: 764, Loss: 1.0353
Individual Losses: 1.2091, 1.0969, 1.1411, 1.1068, 1.1571, 1.0862, 1.2027, 1.0352, 
Epoch: 765, Loss: 1.0352
Individual Losses: 1.2090, 1.0969, 1.1411, 1.1068, 1.1571, 1.0862, 1.2027, 1.0351, 
Epoch: 766, Loss: 1.0351
Individual Losses: 1.2089, 1.0968, 1.1411, 1.1067, 1.1571, 1.0862, 1.2026, 1.0350, 
Epoch: 767, Loss: 1.0350
Individual Losses: 1.2088, 1.0968, 1.1411, 1.1067, 1.1571, 1.0862, 1.2025, 1.0349, 
Epoch: 768, Loss: 1.0349
Individual Losses: 1.2087, 1.0968, 1.1411, 1.1067, 1.1571, 1.0862, 1.2024, 1.0348, 
Epoch: 769, Loss: 1.0348
Individual Losses: 1.2086, 1.0967, 1.1411, 1.1067, 1.1571, 1.0862, 1.2023, 1.0347, 
Epoch: 770, Loss: 1.0347
Individual Losses: 1.2085, 1.0967, 1.1411, 1.1066, 1.1570, 1.0862, 1.2023, 1.0346, 
Epoch: 771, Loss: 1.0346
Individual Losses: 1.2084, 1.0966, 1.1411, 1.1066, 1.1570, 1.0862, 1.2022, 1.0345, 
Epoch: 772, Loss: 1.0345
Individual Losses: 1.2083, 1.0966, 1.1411, 1.1066, 1.1570, 1.0862, 1.2021, 1.0345, 
Epoch: 773, Loss: 1.0345
Individual Losses: 1.2082, 1.0965, 1.1411, 1.1066, 1.1570, 1.0861, 1.2020, 1.0344, 
Epoch: 774, Loss: 1.0344
Individual Losses: 1.2081, 1.0965, 1.1412, 1.1065, 1.1570, 1.0861, 1.2020, 1.0343, 
Epoch: 775, Loss: 1.0343
Individual Losses: 1.2080, 1.0965, 1.1412, 1.1065, 1.1570, 1.0861, 1.2019, 1.0342, 
Epoch: 776, Loss: 1.0342
Individual Losses: 1.2079, 1.0964, 1.1412, 1.1065, 1.1570, 1.0861, 1.2018, 1.0341, 
Epoch: 777, Loss: 1.0341
Individual Losses: 1.2078, 1.0964, 1.1412, 1.1065, 1.1570, 1.0861, 1.2017, 1.0340, 
Epoch: 778, Loss: 1.0340
Individual Losses: 1.2077, 1.0963, 1.1412, 1.1064, 1.1569, 1.0861, 1.2017, 1.0339, 
Epoch: 779, Loss: 1.0339
Individual Losses: 1.2076, 1.0963, 1.1412, 1.1064, 1.1569, 1.0861, 1.2016, 1.0338, 
Epoch: 780, Loss: 1.0338
Individual Losses: 1.2075, 1.0962, 1.1412, 1.1064, 1.1569, 1.0861, 1.2015, 1.0337, 
Epoch: 781, Loss: 1.0337
Individual Losses: 1.2074, 1.0962, 1.1412, 1.1063, 1.1569, 1.0861, 1.2014, 1.0336, 
Epoch: 782, Loss: 1.0336
Individual Losses: 1.2073, 1.0962, 1.1412, 1.1063, 1.1569, 1.0860, 1.2013, 1.0335, 
Epoch: 783, Loss: 1.0335
Individual Losses: 1.2072, 1.0961, 1.1412, 1.1063, 1.1569, 1.0860, 1.2013, 1.0334, 
Epoch: 784, Loss: 1.0334
Individual Losses: 1.2071, 1.0961, 1.1413, 1.1063, 1.1569, 1.0860, 1.2012, 1.0333, 
Epoch: 785, Loss: 1.0333
Individual Losses: 1.2070, 1.0960, 1.1413, 1.1062, 1.1569, 1.0860, 1.2011, 1.0332, 
Epoch: 786, Loss: 1.0332
Individual Losses: 1.2069, 1.0960, 1.1413, 1.1062, 1.1569, 1.0860, 1.2010, 1.0331, 
Epoch: 787, Loss: 1.0331
Individual Losses: 1.2068, 1.0959, 1.1413, 1.1062, 1.1568, 1.0860, 1.2010, 1.0330, 
Epoch: 788, Loss: 1.0330
Individual Losses: 1.2067, 1.0959, 1.1413, 1.1061, 1.1568, 1.0860, 1.2009, 1.0329, 
Epoch: 789, Loss: 1.0329
Individual Losses: 1.2066, 1.0959, 1.1413, 1.1061, 1.1568, 1.0860, 1.2008, 1.0328, 
Epoch: 790, Loss: 1.0328
Individual Losses: 1.2065, 1.0958, 1.1413, 1.1061, 1.1568, 1.0859, 1.2007, 1.0326, 
Epoch: 791, Loss: 1.0326
Individual Losses: 1.2064, 1.0958, 1.1413, 1.1061, 1.1568, 1.0859, 1.2006, 1.0325, 
Epoch: 792, Loss: 1.0325
Individual Losses: 1.2063, 1.0957, 1.1414, 1.1060, 1.1568, 1.0859, 1.2006, 1.0324, 
Epoch: 793, Loss: 1.0324
Individual Losses: 1.2062, 1.0957, 1.1414, 1.1060, 1.1568, 1.0859, 1.2005, 1.0323, 
Epoch: 794, Loss: 1.0323
Individual Losses: 1.2061, 1.0956, 1.1414, 1.1060, 1.1568, 1.0859, 1.2004, 1.0322, 
Epoch: 795, Loss: 1.0322
Individual Losses: 1.2060, 1.0956, 1.1414, 1.1059, 1.1568, 1.0859, 1.2003, 1.0321, 
Epoch: 796, Loss: 1.0321
Individual Losses: 1.2059, 1.0955, 1.1414, 1.1059, 1.1567, 1.0859, 1.2003, 1.0320, 
Epoch: 797, Loss: 1.0320
Individual Losses: 1.2058, 1.0955, 1.1414, 1.1059, 1.1567, 1.0858, 1.2002, 1.0319, 
Epoch: 798, Loss: 1.0319
Individual Losses: 1.2057, 1.0955, 1.1414, 1.1058, 1.1567, 1.0858, 1.2001, 1.0318, 
Epoch: 799, Loss: 1.0318
Individual Losses: 1.2056, 1.0954, 1.1415, 1.1058, 1.1567, 1.0858, 1.2000, 1.0317, 
Epoch: 800, Loss: 1.0317
Individual Losses: 1.2055, 1.0954, 1.1415, 1.1058, 1.1567, 1.0858, 1.2000, 1.0316, 
Epoch: 801, Loss: 1.0316
Individual Losses: 1.2054, 1.0953, 1.1415, 1.1058, 1.1567, 1.0858, 1.1999, 1.0315, 
Epoch: 802, Loss: 1.0315
Individual Losses: 1.2053, 1.0953, 1.1415, 1.1057, 1.1567, 1.0858, 1.1998, 1.0314, 
Epoch: 803, Loss: 1.0314
Individual Losses: 1.2052, 1.0952, 1.1415, 1.1057, 1.1567, 1.0858, 1.1997, 1.0313, 
Epoch: 804, Loss: 1.0313
Individual Losses: 1.2051, 1.0952, 1.1415, 1.1057, 1.1567, 1.0857, 1.1997, 1.0312, 
Epoch: 805, Loss: 1.0312
Individual Losses: 1.2050, 1.0951, 1.1416, 1.1056, 1.1566, 1.0857, 1.1996, 1.0311, 
Epoch: 806, Loss: 1.0311
Individual Losses: 1.2049, 1.0951, 1.1416, 1.1056, 1.1566, 1.0857, 1.1995, 1.0310, 
Epoch: 807, Loss: 1.0310
Individual Losses: 1.2048, 1.0950, 1.1416, 1.1056, 1.1566, 1.0857, 1.1994, 1.0309, 
Epoch: 808, Loss: 1.0309
Individual Losses: 1.2047, 1.0950, 1.1416, 1.1055, 1.1566, 1.0857, 1.1993, 1.0308, 
Epoch: 809, Loss: 1.0308
Individual Losses: 1.2046, 1.0950, 1.1416, 1.1055, 1.1566, 1.0857, 1.1993, 1.0307, 
Epoch: 810, Loss: 1.0307
Individual Losses: 1.2045, 1.0949, 1.1416, 1.1055, 1.1566, 1.0856, 1.1992, 1.0306, 
Epoch: 811, Loss: 1.0306
Individual Losses: 1.2044, 1.0949, 1.1417, 1.1055, 1.1566, 1.0856, 1.1991, 1.0304, 
Epoch: 812, Loss: 1.0304
Individual Losses: 1.2043, 1.0948, 1.1417, 1.1054, 1.1566, 1.0856, 1.1990, 1.0303, 
Epoch: 813, Loss: 1.0303
Individual Losses: 1.2042, 1.0948, 1.1417, 1.1054, 1.1566, 1.0856, 1.1990, 1.0302, 
Epoch: 814, Loss: 1.0302
Individual Losses: 1.2041, 1.0947, 1.1417, 1.1054, 1.1565, 1.0856, 1.1989, 1.0301, 
Epoch: 815, Loss: 1.0301
Individual Losses: 1.2040, 1.0947, 1.1418, 1.1053, 1.1565, 1.0855, 1.1988, 1.0300, 
Epoch: 816, Loss: 1.0300
Individual Losses: 1.2039, 1.0946, 1.1418, 1.1053, 1.1565, 1.0855, 1.1987, 1.0299, 
Epoch: 817, Loss: 1.0299
Individual Losses: 1.2038, 1.0946, 1.1418, 1.1053, 1.1565, 1.0855, 1.1987, 1.0298, 
Epoch: 818, Loss: 1.0298
Individual Losses: 1.2037, 1.0945, 1.1418, 1.1052, 1.1565, 1.0855, 1.1986, 1.0297, 
Epoch: 819, Loss: 1.0297
Individual Losses: 1.2036, 1.0945, 1.1418, 1.1052, 1.1565, 1.0854, 1.1985, 1.0296, 
Epoch: 820, Loss: 1.0296
Individual Losses: 1.2035, 1.0944, 1.1419, 1.1052, 1.1565, 1.0854, 1.1984, 1.0295, 
Epoch: 821, Loss: 1.0295
Individual Losses: 1.2034, 1.0944, 1.1419, 1.1051, 1.1565, 1.0854, 1.1984, 1.0293, 
Epoch: 822, Loss: 1.0293
Individual Losses: 1.2032, 1.0944, 1.1419, 1.1051, 1.1565, 1.0854, 1.1983, 1.0292, 
Epoch: 823, Loss: 1.0292
Individual Losses: 1.2031, 1.0943, 1.1419, 1.1051, 1.1564, 1.0853, 1.1982, 1.0291, 
Epoch: 824, Loss: 1.0291
Individual Losses: 1.2030, 1.0943, 1.1420, 1.1050, 1.1564, 1.0853, 1.1982, 1.0290, 
Epoch: 825, Loss: 1.0290
Individual Losses: 1.2029, 1.0942, 1.1420, 1.1050, 1.1564, 1.0853, 1.1981, 1.0289, 
Epoch: 826, Loss: 1.0289
Individual Losses: 1.2028, 1.0942, 1.1420, 1.1050, 1.1564, 1.0853, 1.1980, 1.0288, 
Epoch: 827, Loss: 1.0288
Individual Losses: 1.2027, 1.0941, 1.1421, 1.1049, 1.1564, 1.0852, 1.1979, 1.0287, 
Epoch: 828, Loss: 1.0287
Individual Losses: 1.2026, 1.0941, 1.1421, 1.1049, 1.1564, 1.0852, 1.1979, 1.0286, 
Epoch: 829, Loss: 1.0286
Individual Losses: 1.2025, 1.0940, 1.1421, 1.1049, 1.1564, 1.0852, 1.1978, 1.0284, 
Epoch: 830, Loss: 1.0284
Individual Losses: 1.2024, 1.0940, 1.1421, 1.1048, 1.1564, 1.0852, 1.1977, 1.0283, 
Epoch: 831, Loss: 1.0283
Individual Losses: 1.2023, 1.0939, 1.1422, 1.1048, 1.1563, 1.0851, 1.1976, 1.0282, 
Epoch: 832, Loss: 1.0282
Individual Losses: 1.2022, 1.0939, 1.1422, 1.1048, 1.1563, 1.0851, 1.1976, 1.0281, 
Epoch: 833, Loss: 1.0281
Individual Losses: 1.2021, 1.0938, 1.1422, 1.1047, 1.1563, 1.0851, 1.1975, 1.0280, 
Epoch: 834, Loss: 1.0280
Individual Losses: 1.2020, 1.0938, 1.1423, 1.1047, 1.1563, 1.0850, 1.1974, 1.0279, 
Epoch: 835, Loss: 1.0279
Individual Losses: 1.2018, 1.0937, 1.1423, 1.1047, 1.1563, 1.0850, 1.1974, 1.0277, 
Epoch: 836, Loss: 1.0277
Individual Losses: 1.2017, 1.0937, 1.1423, 1.1046, 1.1563, 1.0850, 1.1973, 1.0276, 
Epoch: 837, Loss: 1.0276
Individual Losses: 1.2016, 1.0936, 1.1424, 1.1046, 1.1563, 1.0849, 1.1972, 1.0275, 
Epoch: 838, Loss: 1.0275
Individual Losses: 1.2015, 1.0936, 1.1424, 1.1046, 1.1562, 1.0849, 1.1971, 1.0274, 
Epoch: 839, Loss: 1.0274
Individual Losses: 1.2014, 1.0935, 1.1424, 1.1045, 1.1562, 1.0849, 1.1971, 1.0273, 
Epoch: 840, Loss: 1.0273
Individual Losses: 1.2013, 1.0935, 1.1425, 1.1045, 1.1562, 1.0848, 1.1970, 1.0271, 
Epoch: 841, Loss: 1.0271
Individual Losses: 1.2012, 1.0934, 1.1425, 1.1045, 1.1562, 1.0848, 1.1969, 1.0270, 
Epoch: 842, Loss: 1.0270
Individual Losses: 1.2011, 1.0934, 1.1425, 1.1044, 1.1562, 1.0847, 1.1969, 1.0269, 
Epoch: 843, Loss: 1.0269
Individual Losses: 1.2009, 1.0933, 1.1426, 1.1044, 1.1562, 1.0847, 1.1968, 1.0268, 
Epoch: 844, Loss: 1.0268
Individual Losses: 1.2008, 1.0933, 1.1426, 1.1044, 1.1561, 1.0847, 1.1967, 1.0267, 
Epoch: 845, Loss: 1.0267
Individual Losses: 1.2007, 1.0932, 1.1426, 1.1043, 1.1561, 1.0846, 1.1967, 1.0265, 
Epoch: 846, Loss: 1.0265
Individual Losses: 1.2006, 1.0932, 1.1427, 1.1043, 1.1561, 1.0846, 1.1966, 1.0264, 
Epoch: 847, Loss: 1.0264
Individual Losses: 1.2005, 1.0931, 1.1427, 1.1043, 1.1561, 1.0846, 1.1965, 1.0263, 
Epoch: 848, Loss: 1.0263
Individual Losses: 1.2004, 1.0931, 1.1428, 1.1042, 1.1561, 1.0845, 1.1965, 1.0262, 
Epoch: 849, Loss: 1.0262
Individual Losses: 1.2002, 1.0930, 1.1428, 1.1042, 1.1561, 1.0845, 1.1964, 1.0260, 
Epoch: 850, Loss: 1.0260
Individual Losses: 1.2001, 1.0930, 1.1428, 1.1042, 1.1560, 1.0844, 1.1963, 1.0259, 
Epoch: 851, Loss: 1.0259
Individual Losses: 1.2000, 1.0929, 1.1429, 1.1041, 1.1560, 1.0844, 1.1963, 1.0258, 
Epoch: 852, Loss: 1.0258
Individual Losses: 1.1999, 1.0929, 1.1429, 1.1041, 1.1560, 1.0844, 1.1962, 1.0257, 
Epoch: 853, Loss: 1.0257
Individual Losses: 1.1998, 1.0928, 1.1429, 1.1040, 1.1560, 1.0843, 1.1961, 1.0256, 
Epoch: 854, Loss: 1.0256
Individual Losses: 1.1997, 1.0928, 1.1430, 1.1040, 1.1560, 1.0843, 1.1960, 1.0254, 
Epoch: 855, Loss: 1.0254
Individual Losses: 1.1995, 1.0927, 1.1430, 1.1040, 1.1560, 1.0842, 1.1960, 1.0253, 
Epoch: 856, Loss: 1.0253
Individual Losses: 1.1994, 1.0926, 1.1430, 1.1039, 1.1559, 1.0842, 1.1959, 1.0252, 
Epoch: 857, Loss: 1.0252
Individual Losses: 1.1993, 1.0926, 1.1431, 1.1039, 1.1559, 1.0841, 1.1958, 1.0251, 
Epoch: 858, Loss: 1.0251
Individual Losses: 1.1992, 1.0925, 1.1431, 1.1039, 1.1559, 1.0841, 1.1958, 1.0249, 
Epoch: 859, Loss: 1.0249
Individual Losses: 1.1991, 1.0925, 1.1432, 1.1038, 1.1559, 1.0841, 1.1957, 1.0248, 
Epoch: 860, Loss: 1.0248
Individual Losses: 1.1990, 1.0924, 1.1432, 1.1038, 1.1559, 1.0840, 1.1956, 1.0247, 
Epoch: 861, Loss: 1.0247
Individual Losses: 1.1989, 1.0924, 1.1432, 1.1038, 1.1558, 1.0840, 1.1956, 1.0246, 
Epoch: 862, Loss: 1.0246
Individual Losses: 1.1987, 1.0923, 1.1433, 1.1037, 1.1558, 1.0839, 1.1955, 1.0245, 
Epoch: 863, Loss: 1.0245
Individual Losses: 1.1986, 1.0923, 1.1433, 1.1037, 1.1558, 1.0839, 1.1954, 1.0243, 
Epoch: 864, Loss: 1.0243
Individual Losses: 1.1985, 1.0922, 1.1433, 1.1036, 1.1558, 1.0838, 1.1954, 1.0242, 
Epoch: 865, Loss: 1.0242
Individual Losses: 1.1984, 1.0922, 1.1434, 1.1036, 1.1558, 1.0838, 1.1953, 1.0241, 
Epoch: 866, Loss: 1.0241
Individual Losses: 1.1983, 1.0921, 1.1434, 1.1036, 1.1557, 1.0838, 1.1952, 1.0240, 
Epoch: 867, Loss: 1.0240
Individual Losses: 1.1982, 1.0921, 1.1434, 1.1035, 1.1557, 1.0837, 1.1952, 1.0239, 
Epoch: 868, Loss: 1.0239
Individual Losses: 1.1981, 1.0920, 1.1435, 1.1035, 1.1557, 1.0837, 1.1951, 1.0237, 
Epoch: 869, Loss: 1.0237
Individual Losses: 1.1980, 1.0920, 1.1435, 1.1035, 1.1557, 1.0836, 1.1950, 1.0236, 
Epoch: 870, Loss: 1.0236
Individual Losses: 1.1978, 1.0919, 1.1435, 1.1034, 1.1557, 1.0836, 1.1949, 1.0235, 
Epoch: 871, Loss: 1.0235
Individual Losses: 1.1977, 1.0918, 1.1436, 1.1034, 1.1557, 1.0836, 1.1949, 1.0234, 
Epoch: 872, Loss: 1.0234
Individual Losses: 1.1976, 1.0918, 1.1436, 1.1033, 1.1556, 1.0835, 1.1948, 1.0233, 
Epoch: 873, Loss: 1.0233
Individual Losses: 1.1975, 1.0917, 1.1436, 1.1033, 1.1556, 1.0835, 1.1947, 1.0231, 
Epoch: 874, Loss: 1.0231
Individual Losses: 1.1974, 1.0917, 1.1436, 1.1033, 1.1556, 1.0834, 1.1947, 1.0230, 
Epoch: 875, Loss: 1.0230
Individual Losses: 1.1973, 1.0916, 1.1437, 1.1032, 1.1556, 1.0834, 1.1946, 1.0229, 
Epoch: 876, Loss: 1.0229
Individual Losses: 1.1972, 1.0916, 1.1437, 1.1032, 1.1556, 1.0834, 1.1945, 1.0228, 
Epoch: 877, Loss: 1.0228
Individual Losses: 1.1971, 1.0915, 1.1437, 1.1031, 1.1555, 1.0833, 1.1945, 1.0227, 
Epoch: 878, Loss: 1.0227
Individual Losses: 1.1970, 1.0915, 1.1438, 1.1031, 1.1555, 1.0833, 1.1944, 1.0225, 
Epoch: 879, Loss: 1.0225
Individual Losses: 1.1969, 1.0914, 1.1438, 1.1031, 1.1555, 1.0832, 1.1943, 1.0224, 
Epoch: 880, Loss: 1.0224
Individual Losses: 1.1968, 1.0914, 1.1438, 1.1030, 1.1555, 1.0832, 1.1942, 1.0223, 
Epoch: 881, Loss: 1.0223
Individual Losses: 1.1967, 1.0913, 1.1438, 1.1030, 1.1555, 1.0832, 1.1942, 1.0222, 
Epoch: 882, Loss: 1.0222
Individual Losses: 1.1966, 1.0912, 1.1439, 1.1029, 1.1555, 1.0831, 1.1941, 1.0221, 
Epoch: 883, Loss: 1.0221
Individual Losses: 1.1965, 1.0912, 1.1439, 1.1029, 1.1554, 1.0831, 1.1940, 1.0220, 
Epoch: 884, Loss: 1.0220
Individual Losses: 1.1964, 1.0911, 1.1439, 1.1029, 1.1554, 1.0831, 1.1939, 1.0218, 
Epoch: 885, Loss: 1.0218
Individual Losses: 1.1963, 1.0911, 1.1439, 1.1028, 1.1554, 1.0830, 1.1939, 1.0217, 
Epoch: 886, Loss: 1.0217
Individual Losses: 1.1962, 1.0910, 1.1440, 1.1028, 1.1554, 1.0830, 1.1938, 1.0216, 
Epoch: 887, Loss: 1.0216
Individual Losses: 1.1961, 1.0910, 1.1440, 1.1027, 1.1554, 1.0830, 1.1937, 1.0215, 
Epoch: 888, Loss: 1.0215
Individual Losses: 1.1960, 1.0909, 1.1440, 1.1027, 1.1554, 1.0829, 1.1937, 1.0214, 
Epoch: 889, Loss: 1.0214
Individual Losses: 1.1959, 1.0909, 1.1440, 1.1027, 1.1553, 1.0829, 1.1936, 1.0213, 
Epoch: 890, Loss: 1.0213
Individual Losses: 1.1958, 1.0908, 1.1441, 1.1026, 1.1553, 1.0829, 1.1935, 1.0212, 
Epoch: 891, Loss: 1.0212
Individual Losses: 1.1957, 1.0908, 1.1441, 1.1026, 1.1553, 1.0828, 1.1934, 1.0210, 
Epoch: 892, Loss: 1.0210
Individual Losses: 1.1956, 1.0907, 1.1441, 1.1025, 1.1553, 1.0828, 1.1934, 1.0209, 
Epoch: 893, Loss: 1.0209
Individual Losses: 1.1955, 1.0907, 1.1441, 1.1025, 1.1553, 1.0828, 1.1933, 1.0208, 
Epoch: 894, Loss: 1.0208
Individual Losses: 1.1954, 1.0906, 1.1442, 1.1024, 1.1553, 1.0827, 1.1932, 1.0207, 
Epoch: 895, Loss: 1.0207
Individual Losses: 1.1953, 1.0905, 1.1442, 1.1024, 1.1552, 1.0827, 1.1931, 1.0206, 
Epoch: 896, Loss: 1.0206
Individual Losses: 1.1952, 1.0905, 1.1442, 1.1024, 1.1552, 1.0827, 1.1930, 1.0205, 
Epoch: 897, Loss: 1.0205
Individual Losses: 1.1951, 1.0904, 1.1442, 1.1023, 1.1552, 1.0826, 1.1930, 1.0204, 
Epoch: 898, Loss: 1.0204
Individual Losses: 1.1950, 1.0904, 1.1442, 1.1023, 1.1552, 1.0826, 1.1929, 1.0202, 
Epoch: 899, Loss: 1.0202
Individual Losses: 1.1949, 1.0903, 1.1443, 1.1022, 1.1552, 1.0826, 1.1928, 1.0201, 
Epoch: 900, Loss: 1.0201
Individual Losses: 1.1948, 1.0903, 1.1443, 1.1022, 1.1552, 1.0825, 1.1927, 1.0200, 
Epoch: 901, Loss: 1.0200
Individual Losses: 1.1947, 1.0902, 1.1443, 1.1021, 1.1552, 1.0825, 1.1927, 1.0199, 
Epoch: 902, Loss: 1.0199
Individual Losses: 1.1946, 1.0902, 1.1443, 1.1021, 1.1551, 1.0825, 1.1926, 1.0198, 
Epoch: 903, Loss: 1.0198
Individual Losses: 1.1946, 1.0901, 1.1443, 1.1020, 1.1551, 1.0825, 1.1925, 1.0197, 
Epoch: 904, Loss: 1.0197
Individual Losses: 1.1945, 1.0901, 1.1444, 1.1020, 1.1551, 1.0824, 1.1924, 1.0196, 
Epoch: 905, Loss: 1.0196
Individual Losses: 1.1944, 1.0900, 1.1444, 1.1020, 1.1551, 1.0824, 1.1924, 1.0195, 
Epoch: 906, Loss: 1.0195
Individual Losses: 1.1943, 1.0899, 1.1444, 1.1019, 1.1551, 1.0824, 1.1923, 1.0193, 
Epoch: 907, Loss: 1.0193
Individual Losses: 1.1942, 1.0899, 1.1444, 1.1019, 1.1551, 1.0823, 1.1922, 1.0192, 
Epoch: 908, Loss: 1.0192
Individual Losses: 1.1941, 1.0898, 1.1444, 1.1018, 1.1551, 1.0823, 1.1921, 1.0191, 
Epoch: 909, Loss: 1.0191
Individual Losses: 1.1940, 1.0898, 1.1444, 1.1018, 1.1550, 1.0823, 1.1920, 1.0190, 
Epoch: 910, Loss: 1.0190
Individual Losses: 1.1939, 1.0897, 1.1445, 1.1017, 1.1550, 1.0823, 1.1920, 1.0189, 
Epoch: 911, Loss: 1.0189
Individual Losses: 1.1938, 1.0897, 1.1445, 1.1017, 1.1550, 1.0822, 1.1919, 1.0188, 
Epoch: 912, Loss: 1.0188
Individual Losses: 1.1937, 1.0896, 1.1445, 1.1017, 1.1550, 1.0822, 1.1918, 1.0187, 
Epoch: 913, Loss: 1.0187
Individual Losses: 1.1937, 1.0896, 1.1445, 1.1016, 1.1550, 1.0822, 1.1917, 1.0186, 
Epoch: 914, Loss: 1.0186
Individual Losses: 1.1936, 1.0895, 1.1445, 1.1016, 1.1550, 1.0822, 1.1916, 1.0185, 
Epoch: 915, Loss: 1.0185
Individual Losses: 1.1935, 1.0895, 1.1445, 1.1015, 1.1550, 1.0821, 1.1916, 1.0183, 
Epoch: 916, Loss: 1.0183
Individual Losses: 1.1934, 1.0894, 1.1446, 1.1015, 1.1549, 1.0821, 1.1915, 1.0182, 
Epoch: 917, Loss: 1.0182
Individual Losses: 1.1933, 1.0894, 1.1446, 1.1014, 1.1549, 1.0821, 1.1914, 1.0181, 
Epoch: 918, Loss: 1.0181
Individual Losses: 1.1932, 1.0893, 1.1446, 1.1014, 1.1549, 1.0821, 1.1913, 1.0180, 
Epoch: 919, Loss: 1.0180
Individual Losses: 1.1931, 1.0893, 1.1446, 1.1013, 1.1549, 1.0820, 1.1912, 1.0179, 
Epoch: 920, Loss: 1.0179
Individual Losses: 1.1930, 1.0892, 1.1446, 1.1013, 1.1549, 1.0820, 1.1912, 1.0178, 
Epoch: 921, Loss: 1.0178
Individual Losses: 1.1929, 1.0891, 1.1446, 1.1012, 1.1549, 1.0820, 1.1911, 1.0177, 
Epoch: 922, Loss: 1.0177
Individual Losses: 1.1929, 1.0891, 1.1446, 1.1012, 1.1549, 1.0820, 1.1910, 1.0176, 
Epoch: 923, Loss: 1.0176
Individual Losses: 1.1928, 1.0890, 1.1447, 1.1012, 1.1549, 1.0819, 1.1909, 1.0175, 
Epoch: 924, Loss: 1.0175
Individual Losses: 1.1927, 1.0890, 1.1447, 1.1011, 1.1548, 1.0819, 1.1908, 1.0174, 
Epoch: 925, Loss: 1.0174
Individual Losses: 1.1926, 1.0889, 1.1447, 1.1011, 1.1548, 1.0819, 1.1908, 1.0172, 
Epoch: 926, Loss: 1.0172
Individual Losses: 1.1925, 1.0889, 1.1447, 1.1010, 1.1548, 1.0819, 1.1907, 1.0171, 
Epoch: 927, Loss: 1.0171
Individual Losses: 1.1924, 1.0888, 1.1447, 1.1010, 1.1548, 1.0818, 1.1906, 1.0170, 
Epoch: 928, Loss: 1.0170
Individual Losses: 1.1923, 1.0888, 1.1447, 1.1009, 1.1548, 1.0818, 1.1905, 1.0169, 
Epoch: 929, Loss: 1.0169
Individual Losses: 1.1923, 1.0887, 1.1447, 1.1009, 1.1548, 1.0818, 1.1904, 1.0168, 
Epoch: 930, Loss: 1.0168
Individual Losses: 1.1922, 1.0887, 1.1448, 1.1008, 1.1548, 1.0818, 1.1904, 1.0167, 
Epoch: 931, Loss: 1.0167
Individual Losses: 1.1921, 1.0886, 1.1448, 1.1008, 1.1547, 1.0818, 1.1903, 1.0166, 
Epoch: 932, Loss: 1.0166
Individual Losses: 1.1920, 1.0886, 1.1448, 1.1007, 1.1547, 1.0817, 1.1902, 1.0165, 
Epoch: 933, Loss: 1.0165
Individual Losses: 1.1919, 1.0885, 1.1448, 1.1007, 1.1547, 1.0817, 1.1901, 1.0164, 
Epoch: 934, Loss: 1.0164
Individual Losses: 1.1918, 1.0884, 1.1448, 1.1007, 1.1547, 1.0817, 1.1900, 1.0163, 
Epoch: 935, Loss: 1.0163
Individual Losses: 1.1917, 1.0884, 1.1448, 1.1006, 1.1547, 1.0817, 1.1899, 1.0162, 
Epoch: 936, Loss: 1.0162
Individual Losses: 1.1917, 1.0883, 1.1448, 1.1006, 1.1547, 1.0817, 1.1899, 1.0160, 
Epoch: 937, Loss: 1.0160
Individual Losses: 1.1916, 1.0883, 1.1448, 1.1005, 1.1547, 1.0816, 1.1898, 1.0159, 
Epoch: 938, Loss: 1.0159
Individual Losses: 1.1915, 1.0882, 1.1448, 1.1005, 1.1547, 1.0816, 1.1897, 1.0158, 
Epoch: 939, Loss: 1.0158
Individual Losses: 1.1914, 1.0882, 1.1449, 1.1004, 1.1547, 1.0816, 1.1896, 1.0157, 
Epoch: 940, Loss: 1.0157
Individual Losses: 1.1913, 1.0881, 1.1449, 1.1004, 1.1546, 1.0816, 1.1895, 1.0156, 
Epoch: 941, Loss: 1.0156
Individual Losses: 1.1912, 1.0881, 1.1449, 1.1003, 1.1546, 1.0816, 1.1894, 1.0155, 
Epoch: 942, Loss: 1.0155
Individual Losses: 1.1912, 1.0880, 1.1449, 1.1003, 1.1546, 1.0816, 1.1894, 1.0154, 
Epoch: 943, Loss: 1.0154
Individual Losses: 1.1911, 1.0880, 1.1449, 1.1002, 1.1546, 1.0815, 1.1893, 1.0153, 
Epoch: 944, Loss: 1.0153
Individual Losses: 1.1910, 1.0879, 1.1449, 1.1002, 1.1546, 1.0815, 1.1892, 1.0152, 
Epoch: 945, Loss: 1.0152
Individual Losses: 1.1909, 1.0879, 1.1449, 1.1001, 1.1546, 1.0815, 1.1891, 1.0151, 
Epoch: 946, Loss: 1.0151
Individual Losses: 1.1908, 1.0878, 1.1449, 1.1001, 1.1546, 1.0815, 1.1890, 1.0150, 
Epoch: 947, Loss: 1.0150
Individual Losses: 1.1907, 1.0878, 1.1449, 1.1001, 1.1546, 1.0815, 1.1889, 1.0148, 
Epoch: 948, Loss: 1.0148
Individual Losses: 1.1907, 1.0877, 1.1450, 1.1000, 1.1546, 1.0814, 1.1889, 1.0147, 
Epoch: 949, Loss: 1.0147
Individual Losses: 1.1906, 1.0876, 1.1450, 1.1000, 1.1545, 1.0814, 1.1888, 1.0146, 
Epoch: 950, Loss: 1.0146
Individual Losses: 1.1905, 1.0876, 1.1450, 1.0999, 1.1545, 1.0814, 1.1887, 1.0145, 
Epoch: 951, Loss: 1.0145
Individual Losses: 1.1904, 1.0875, 1.1450, 1.0999, 1.1545, 1.0814, 1.1886, 1.0144, 
Epoch: 952, Loss: 1.0144
Individual Losses: 1.1903, 1.0875, 1.1450, 1.0998, 1.1545, 1.0814, 1.1885, 1.0143, 
Epoch: 953, Loss: 1.0143
Individual Losses: 1.1903, 1.0874, 1.1450, 1.0998, 1.1545, 1.0814, 1.1884, 1.0142, 
Epoch: 954, Loss: 1.0142
Individual Losses: 1.1902, 1.0874, 1.1450, 1.0997, 1.1545, 1.0814, 1.1883, 1.0141, 
Epoch: 955, Loss: 1.0141
Individual Losses: 1.1901, 1.0873, 1.1450, 1.0997, 1.1545, 1.0813, 1.1883, 1.0140, 
Epoch: 956, Loss: 1.0140
Individual Losses: 1.1900, 1.0873, 1.1450, 1.0996, 1.1545, 1.0813, 1.1882, 1.0139, 
Epoch: 957, Loss: 1.0139
Individual Losses: 1.1899, 1.0872, 1.1450, 1.0996, 1.1545, 1.0813, 1.1881, 1.0138, 
Epoch: 958, Loss: 1.0138
Individual Losses: 1.1898, 1.0872, 1.1450, 1.0995, 1.1544, 1.0813, 1.1880, 1.0137, 
Epoch: 959, Loss: 1.0137
Individual Losses: 1.1898, 1.0871, 1.1451, 1.0995, 1.1544, 1.0813, 1.1879, 1.0135, 
Epoch: 960, Loss: 1.0135
Individual Losses: 1.1897, 1.0871, 1.1451, 1.0994, 1.1544, 1.0813, 1.1878, 1.0134, 
Epoch: 961, Loss: 1.0134
Individual Losses: 1.1896, 1.0870, 1.1451, 1.0994, 1.1544, 1.0813, 1.1877, 1.0133, 
Epoch: 962, Loss: 1.0133
Individual Losses: 1.1895, 1.0869, 1.1451, 1.0993, 1.1544, 1.0812, 1.1877, 1.0132, 
Epoch: 963, Loss: 1.0132
Individual Losses: 1.1894, 1.0869, 1.1451, 1.0993, 1.1544, 1.0812, 1.1876, 1.0131, 
Epoch: 964, Loss: 1.0131
Individual Losses: 1.1894, 1.0868, 1.1451, 1.0993, 1.1544, 1.0812, 1.1875, 1.0130, 
Epoch: 965, Loss: 1.0130
Individual Losses: 1.1893, 1.0868, 1.1451, 1.0992, 1.1544, 1.0812, 1.1874, 1.0129, 
Epoch: 966, Loss: 1.0129
Individual Losses: 1.1892, 1.0867, 1.1451, 1.0992, 1.1544, 1.0812, 1.1873, 1.0128, 
Epoch: 967, Loss: 1.0128
Individual Losses: 1.1891, 1.0867, 1.1451, 1.0991, 1.1544, 1.0812, 1.1872, 1.0127, 
Epoch: 968, Loss: 1.0127
Individual Losses: 1.1890, 1.0866, 1.1451, 1.0991, 1.1543, 1.0812, 1.1871, 1.0126, 
Epoch: 969, Loss: 1.0126
Individual Losses: 1.1890, 1.0866, 1.1451, 1.0990, 1.1543, 1.0811, 1.1870, 1.0125, 
Epoch: 970, Loss: 1.0125
Individual Losses: 1.1889, 1.0865, 1.1451, 1.0990, 1.1543, 1.0811, 1.1870, 1.0124, 
Epoch: 971, Loss: 1.0124
Individual Losses: 1.1888, 1.0865, 1.1451, 1.0989, 1.1543, 1.0811, 1.1869, 1.0123, 
Epoch: 972, Loss: 1.0123
Individual Losses: 1.1887, 1.0864, 1.1451, 1.0989, 1.1543, 1.0811, 1.1868, 1.0121, 
Epoch: 973, Loss: 1.0121
Individual Losses: 1.1886, 1.0864, 1.1452, 1.0988, 1.1543, 1.0811, 1.1867, 1.0120, 
Epoch: 974, Loss: 1.0120
Individual Losses: 1.1886, 1.0863, 1.1452, 1.0988, 1.1543, 1.0811, 1.1866, 1.0119, 
Epoch: 975, Loss: 1.0119
Individual Losses: 1.1885, 1.0862, 1.1452, 1.0987, 1.1543, 1.0811, 1.1865, 1.0118, 
Epoch: 976, Loss: 1.0118
Individual Losses: 1.1884, 1.0862, 1.1452, 1.0987, 1.1543, 1.0811, 1.1864, 1.0117, 
Epoch: 977, Loss: 1.0117
Individual Losses: 1.1883, 1.0861, 1.1452, 1.0986, 1.1543, 1.0811, 1.1863, 1.0116, 
Epoch: 978, Loss: 1.0116
Individual Losses: 1.1882, 1.0861, 1.1452, 1.0986, 1.1542, 1.0810, 1.1863, 1.0115, 
Epoch: 979, Loss: 1.0115
Individual Losses: 1.1882, 1.0860, 1.1452, 1.0985, 1.1542, 1.0810, 1.1862, 1.0114, 
Epoch: 980, Loss: 1.0114
Individual Losses: 1.1881, 1.0860, 1.1452, 1.0985, 1.1542, 1.0810, 1.1861, 1.0113, 
Epoch: 981, Loss: 1.0113
Individual Losses: 1.1880, 1.0859, 1.1452, 1.0984, 1.1542, 1.0810, 1.1860, 1.0112, 
Epoch: 982, Loss: 1.0112
Individual Losses: 1.1879, 1.0859, 1.1452, 1.0984, 1.1542, 1.0810, 1.1859, 1.0111, 
Epoch: 983, Loss: 1.0111
Individual Losses: 1.1879, 1.0858, 1.1452, 1.0983, 1.1542, 1.0810, 1.1858, 1.0110, 
Epoch: 984, Loss: 1.0110
Individual Losses: 1.1878, 1.0858, 1.1452, 1.0983, 1.1542, 1.0810, 1.1857, 1.0108, 
Epoch: 985, Loss: 1.0108
Individual Losses: 1.1877, 1.0857, 1.1452, 1.0982, 1.1542, 1.0810, 1.1856, 1.0107, 
Epoch: 986, Loss: 1.0107
Individual Losses: 1.1876, 1.0856, 1.1452, 1.0982, 1.1542, 1.0810, 1.1855, 1.0106, 
Epoch: 987, Loss: 1.0106
Individual Losses: 1.1875, 1.0856, 1.1452, 1.0981, 1.1542, 1.0809, 1.1855, 1.0105, 
Epoch: 988, Loss: 1.0105
Individual Losses: 1.1875, 1.0855, 1.1452, 1.0981, 1.1542, 1.0809, 1.1854, 1.0104, 
Epoch: 989, Loss: 1.0104
Individual Losses: 1.1874, 1.0855, 1.1452, 1.0980, 1.1541, 1.0809, 1.1853, 1.0103, 
Epoch: 990, Loss: 1.0103
Individual Losses: 1.1873, 1.0854, 1.1452, 1.0980, 1.1541, 1.0809, 1.1852, 1.0102, 
Epoch: 991, Loss: 1.0102
Individual Losses: 1.1872, 1.0854, 1.1453, 1.0979, 1.1541, 1.0809, 1.1851, 1.0101, 
Epoch: 992, Loss: 1.0101
Individual Losses: 1.1872, 1.0853, 1.1453, 1.0979, 1.1541, 1.0809, 1.1850, 1.0100, 
Epoch: 993, Loss: 1.0100
Individual Losses: 1.1871, 1.0853, 1.1453, 1.0978, 1.1541, 1.0809, 1.1849, 1.0099, 
Epoch: 994, Loss: 1.0099
Individual Losses: 1.1870, 1.0852, 1.1453, 1.0978, 1.1541, 1.0809, 1.1848, 1.0098, 
Epoch: 995, Loss: 1.0098
Individual Losses: 1.1869, 1.0851, 1.1453, 1.0977, 1.1541, 1.0809, 1.1847, 1.0097, 
Epoch: 996, Loss: 1.0097
Individual Losses: 1.1869, 1.0851, 1.1453, 1.0977, 1.1541, 1.0809, 1.1846, 1.0095, 
Epoch: 997, Loss: 1.0095
Individual Losses: 1.1868, 1.0850, 1.1453, 1.0976, 1.1541, 1.0809, 1.1845, 1.0094, 
Epoch: 998, Loss: 1.0094
Individual Losses: 1.1867, 1.0850, 1.1453, 1.0976, 1.1541, 1.0808, 1.1845, 1.0093, 
Epoch: 999, Loss: 1.0093
Data:tensor([0.0000, 0.0000, 0.0000, 0.0000, 0.0000, 0.0000, 0.0000, 9.0675, 0.0000,
        0.0000, 0.0000, 0.0000, 0.0000, 0.0000, 0.0000, 0.0000, 5.0082, 0.0000,
        0.0000, 0.0000])
Probabilities:tensor([6.4579e-01, 5.7796e-01, 6.1230e-01, 6.3027e-01, 3.1123e-02, 2.0251e-14,
        7.2403e-34, 9.0275e-32, 2.0953e-03, 5.4647e-01, 6.3842e-01, 6.0963e-01,
        5.4290e-01, 6.8829e-01, 1.6334e-01, 1.5837e-21, 1.9217e-28, 1.9578e-02,
        5.9013e-01, 5.7707e-01])
Preds:tensor([1., 1., 1., 1., 0., 0., 0., 0., 0., 1., 1., 1., 1., 1., 0., 0., 0., 0.,
        1., 1.])
Data:tensor([0.0000, 0.0000, 0.0000, 0.0000, 0.0000, 0.0000, 6.6392, 0.0000, 0.0000,
        0.0000, 0.0000, 0.0000, 0.0000, 0.0000, 0.0000, 0.0000, 5.1715, 0.0000,
        0.0000, 0.0000])
Probabilities:tensor([5.8961e-01, 5.7687e-01, 7.1142e-01, 4.9647e-01, 3.3421e-04, 8.3453e-18,
        4.2465e-29, 2.2922e-21, 9.5827e-08, 5.5906e-01, 5.4994e-01, 6.4562e-01,
        5.6577e-01, 4.0187e-01, 7.8560e-03, 1.1362e-23, 4.2232e-15, 4.2262e-06,
        6.0733e-01, 5.6310e-01])
Preds:tensor([1., 1., 1., 0., 0., 0., 0., 0., 0., 1., 1., 1., 1., 0., 0., 0., 0., 0.,
        1., 1.])
Data:tensor([0.0000, 0.0000, 0.0000, 0.0000, 0.0000, 4.7572, 0.0000, 0.0000, 0.0000,
        0.0000, 0.0000, 0.0000, 0.0000, 0.0000, 0.0000, 4.0556, 0.0000, 0.0000,
        0.0000, 0.0000])
Probabilities:tensor([6.3487e-01, 5.8644e-01, 5.9851e-01, 5.1022e-01, 6.4786e-14, 7.9776e-09,
        1.5229e-20, 2.1155e-01, 4.4687e-01, 6.0066e-01, 5.9476e-01, 6.1791e-01,
        5.4631e-01, 6.3926e-01, 4.9918e-01, 1.5143e-01, 1.0967e-01, 4.6960e-01,
        6.4662e-01, 5.5840e-01])
Preds:tensor([1., 1., 1., 1., 0., 0., 0., 0., 0., 1., 1., 1., 1., 1., 0., 0., 0., 0.,
        1., 1.])
Data:tensor([0.0000, 0.0000, 0.0000, 0.0000, 0.0000, 0.0000, 0.0000, 0.0000, 3.4338,
        0.0000, 0.0000, 0.0000, 0.0000, 0.0000, 0.0000, 0.0000, 0.0000, 0.0000,
        6.8387, 0.0000])
Probabilities:tensor([1.0827e-14, 4.1434e-09, 6.0580e-01, 6.3457e-01, 5.4378e-01, 6.0524e-01,
        6.3434e-01, 5.0053e-02, 5.1786e-03, 2.7919e-01, 6.1481e-01, 6.3002e-01,
        6.4690e-01, 5.1760e-01, 5.7724e-01, 6.7791e-01, 4.8989e-01, 4.2116e-05,
        3.4727e-20, 4.7968e-33])
Preds:tensor([0., 0., 1., 1., 1., 1., 1., 0., 0., 0., 1., 1., 1., 1., 1., 1., 0., 0.,
        0., 0.])
Data:tensor([ 0.0000,  0.0000,  0.0000,  0.0000,  0.0000,  0.0000,  0.0000,  0.7580,
         0.0000,  0.0000,  0.0000,  0.0000,  0.0000,  0.0000,  0.0000,  0.0000,
         0.0000,  0.0000, 11.3635,  0.0000])
Probabilities:tensor([4.6584e-01, 6.6471e-01, 4.8761e-01, 6.4744e-01, 6.2145e-01, 5.0407e-01,
        5.3706e-01, 6.3058e-01, 6.3686e-01, 5.3733e-01, 6.7496e-01, 5.8685e-01,
        5.7625e-01, 5.6667e-01, 6.3358e-01, 6.6521e-01, 5.0374e-01, 9.3183e-03,
        2.0595e-33, 9.2790e-34])
Preds:tensor([0., 1., 0., 1., 1., 1., 1., 1., 1., 1., 1., 1., 1., 1., 1., 1., 1., 0.,
        0., 0.])
Data:tensor([0.0000, 3.9829, 0.0000, 0.0000, 0.0000, 0.0000, 0.0000, 0.0000, 0.0000,
        0.0000, 4.1093, 0.0000, 0.0000, 0.0000, 0.0000, 0.0000, 0.0000, 0.0000,
        0.0000, 0.0000])
Probabilities:tensor([2.0604e-02, 4.8256e-06, 3.5939e-02, 5.9220e-01, 5.5968e-01, 6.7411e-01,
        5.1877e-01, 5.8998e-01, 5.4306e-01, 8.6984e-06, 8.5434e-27, 3.0244e-01,
        6.2341e-01, 5.9541e-01, 6.3106e-01, 5.8961e-01, 6.1746e-01, 5.9978e-01,
        5.8851e-01, 6.0462e-01])
Preds:tensor([0., 0., 0., 1., 1., 1., 1., 1., 1., 0., 0., 0., 1., 1., 1., 1., 1., 1.,
        1., 1.])
Data:tensor([0.0000, 0.0000, 0.0000, 0.0000, 2.1400, 0.0000, 0.0000, 0.0000, 0.0000,
        0.0000, 0.0000, 0.0000, 0.0000, 9.3737, 0.0000, 0.0000, 0.0000, 0.0000,
        0.0000, 0.0000])
Probabilities:tensor([5.5052e-01, 5.8948e-01, 6.0174e-01, 5.8240e-01, 5.9580e-01, 6.7712e-01,
        4.7003e-01, 5.7919e-01, 5.0634e-01, 6.4194e-01, 7.6361e-06, 1.0548e-12,
        6.1195e-34, 5.2079e-32, 4.9728e-02, 7.0209e-01, 5.1493e-01, 5.7949e-01,
        5.4141e-01, 6.9609e-01])
Preds:tensor([1., 1., 1., 1., 1., 1., 0., 1., 1., 1., 0., 0., 0., 0., 0., 1., 1., 1.,
        1., 1.])
Data:tensor([0.0000, 0.0000, 0.0000, 3.6590, 0.0000, 0.0000, 0.0000, 0.0000, 0.0000,
        0.0000, 0.0000, 0.0000, 7.0281, 0.0000, 0.0000, 0.0000, 0.0000, 0.0000,
        0.0000, 0.0000])
Probabilities:tensor([4.7870e-01, 6.9179e-01, 4.3255e-01, 4.9350e-02, 5.4691e-02, 6.1105e-01,
        5.8633e-01, 5.2682e-01, 6.6079e-01, 5.0380e-13, 4.2534e-05, 8.4526e-34,
        5.8258e-11, 4.6003e-16, 3.6521e-01, 6.3829e-01, 5.9697e-01, 5.9426e-01,
        6.4567e-01, 5.7918e-01])
Preds:tensor([0., 1., 0., 0., 0., 1., 1., 1., 1., 0., 0., 0., 0., 0., 0., 1., 1., 1.,
        1., 1.])
Data:tensor([8.0422, 0.0000, 0.0000, 0.0000, 0.0000, 0.0000, 0.0000, 0.0000, 0.0000,
        0.5642, 0.0000, 0.0000, 0.0000, 0.0000, 0.0000, 0.0000, 0.0000, 0.0000,
        0.0000, 0.0000])
Probabilities:tensor([1.4896e-28, 4.7688e-29, 5.5570e-06, 4.8891e-01, 5.9428e-01, 5.6664e-01,
        5.4713e-01, 6.2457e-01, 6.5900e-01, 5.7826e-01, 5.9846e-01, 6.1197e-01,
        5.3642e-01, 7.0018e-01, 5.3262e-01, 5.8478e-01, 6.4136e-01, 5.7668e-01,
        1.6105e-03, 8.6278e-10])
Preds:tensor([0., 0., 0., 0., 1., 1., 1., 1., 1., 1., 1., 1., 1., 1., 1., 1., 1., 1.,
        0., 0.])
Data:tensor([0.0000, 4.5294, 0.0000, 0.0000, 0.0000, 0.0000, 0.0000, 0.0000, 0.0000,
        0.0000, 0.0000, 0.0000, 2.4337, 0.0000, 0.0000, 0.0000, 0.0000, 0.0000,
        0.0000, 0.0000])
Probabilities:tensor([7.2158e-03, 4.0776e-05, 8.7260e-05, 2.2762e-01, 6.2658e-01, 5.9610e-01,
        5.9901e-01, 5.9482e-01, 5.3632e-01, 6.8668e-01, 5.5276e-01, 5.0494e-01,
        6.7316e-01, 6.6216e-01, 5.1660e-01, 5.9244e-01, 6.8131e-01, 4.6115e-01,
        5.7662e-01, 4.7011e-01])
Preds:tensor([0., 0., 0., 0., 1., 1., 1., 1., 1., 1., 1., 1., 1., 1., 1., 1., 1., 0.,
        1., 0.])
Data:tensor([0.0000, 0.0000, 0.0000, 0.0000, 0.0000, 0.0000, 0.0000, 7.5006, 0.0000,
        0.0000, 0.0000, 0.0000, 0.0000, 0.0000, 0.0000, 0.0000, 0.0000, 1.7591,
        0.0000, 0.0000])
Probabilities:tensor([5.2114e-01, 6.0280e-01, 6.3178e-01, 6.0037e-01, 6.2193e-01, 4.4932e-01,
        1.4678e-33, 1.6873e-32, 2.6021e-03, 4.8435e-01, 6.9562e-01, 5.8907e-01,
        4.9964e-01, 5.2457e-01, 6.8829e-01, 5.7176e-01, 5.7117e-01, 5.0667e-01,
        5.4810e-01, 6.9414e-01])
Preds:tensor([1., 1., 1., 1., 1., 0., 0., 0., 0., 0., 1., 1., 0., 1., 1., 1., 1., 1.,
        1., 1.])
Data:tensor([0.0000, 0.0000, 0.0000, 0.1520, 0.0000, 0.0000, 0.0000, 0.0000, 0.0000,
        0.0000, 0.0000, 0.0000, 0.0000, 0.0000, 5.5383, 0.0000, 0.0000, 0.0000,
        0.0000, 0.0000])
Probabilities:tensor([6.2217e-01, 6.0920e-01, 5.9313e-01, 5.9098e-01, 5.7195e-01, 6.6029e-01,
        6.0836e-01, 5.6471e-01, 6.0872e-01, 6.1077e-01, 5.6326e-01, 5.8135e-01,
        5.3802e-01, 1.7650e-06, 1.0255e-24, 5.3106e-24, 8.0477e-06, 5.9119e-01,
        5.6740e-01, 6.2676e-01])
Preds:tensor([1., 1., 1., 1., 1., 1., 1., 1., 1., 1., 1., 1., 1., 0., 0., 0., 0., 1.,
        1., 1.])
Data:tensor([0.0000, 0.0000, 0.0000, 0.0000, 0.0000, 0.0000, 0.0000, 0.0000, 0.4692,
        0.0000, 0.0000, 0.0000, 0.0000, 0.0000, 0.0000, 0.0000, 0.0000, 0.0000,
        8.4406, 0.0000])
Probabilities:tensor([2.2492e-06, 5.0118e-01, 7.4277e-01, 5.1786e-01, 5.1877e-01, 5.7113e-01,
        6.1569e-01, 6.9130e-01, 5.3218e-01, 5.5447e-01, 5.1165e-01, 6.3378e-01,
        6.7889e-01, 5.1018e-01, 5.7175e-01, 6.1182e-01, 8.9339e-12, 3.6915e-23,
        2.7346e-29, 1.5413e-12])
Preds:tensor([0., 1., 1., 1., 1., 1., 1., 1., 1., 1., 1., 1., 1., 1., 1., 1., 0., 0.,
        0., 0.])
Data:tensor([0.0000, 0.0000, 0.0000, 4.3348, 0.0000, 0.0000, 0.0000, 0.0000, 0.0000,
        0.0000, 0.0000, 0.0000, 0.0000, 9.5972, 0.0000, 0.0000, 0.0000, 0.0000,
        0.0000, 0.0000])
Probabilities:tensor([6.0887e-01, 5.7824e-01, 1.6214e-02, 1.0248e-01, 1.1849e-01, 6.6865e-01,
        5.3005e-01, 5.3814e-01, 7.0866e-01, 5.1071e-01, 5.1670e-01, 5.7991e-12,
        7.6158e-26, 1.9169e-32, 2.9557e-36, 2.8893e-21, 3.3393e-06, 5.8388e-01,
        5.3522e-01, 5.8982e-01])
Preds:tensor([1., 1., 0., 0., 0., 1., 1., 1., 1., 1., 1., 0., 0., 0., 0., 0., 0., 1.,
        1., 1.])
Data:tensor([0.0000, 0.0000, 0.0000, 0.0000, 0.0000, 0.0000, 0.0000, 0.0000, 0.0000,
        0.0000, 1.4418, 0.0000, 0.0000, 0.0000, 0.0000, 0.0000, 0.0000, 0.0000,
        0.0000, 5.7513])
Probabilities:tensor([4.0272e-30, 4.6337e-02, 5.9902e-01, 6.0183e-01, 5.6018e-01, 6.4993e-01,
        6.0678e-01, 5.5868e-01, 6.3975e-01, 6.2082e-01, 6.1128e-01, 5.9027e-01,
        5.5450e-01, 5.4553e-01, 7.1729e-01, 5.2145e-01, 5.9466e-01, 8.7113e-02,
        8.4194e-16, 3.8972e-30])
Preds:tensor([0., 0., 1., 1., 1., 1., 1., 1., 1., 1., 1., 1., 1., 1., 1., 1., 1., 0.,
        0., 0.])
Data:tensor([0.0000, 0.0000, 0.0000, 5.4101, 0.0000, 0.0000, 0.0000, 0.0000, 0.0000,
        0.0000, 0.0000, 0.0000, 0.0000, 2.1610, 0.0000, 0.0000, 0.0000, 0.0000,
        0.0000, 0.0000])
Probabilities:tensor([6.7302e-01, 7.1912e-07, 5.0868e-25, 1.2595e-27, 2.2765e-03, 6.2031e-01,
        6.4991e-01, 5.5702e-01, 5.1039e-01, 5.7400e-01, 6.9870e-01, 5.7285e-01,
        5.6862e-01, 6.5619e-01, 6.2192e-01, 5.6868e-01, 5.9890e-01, 6.0147e-01,
        5.9143e-01, 5.5716e-01])
Preds:tensor([1., 0., 0., 0., 0., 1., 1., 1., 1., 1., 1., 1., 1., 1., 1., 1., 1., 1.,
        1., 1.])
Data:tensor([0.0000, 0.0000, 0.0000, 5.9552, 0.0000, 0.0000, 0.0000, 0.0000, 0.0000,
        0.0000, 0.0000, 0.0000, 0.0000, 2.0175, 0.0000, 0.0000, 0.0000, 0.0000,
        0.0000, 0.0000])
Probabilities:tensor([6.7164e-01, 5.9489e-01, 4.7095e-02, 4.7131e-32, 1.9992e-31, 3.7432e-04,
        5.5328e-01, 6.2389e-01, 5.8701e-01, 5.9477e-01, 6.2282e-01, 5.4329e-01,
        6.5930e-01, 5.4905e-01, 6.0644e-01, 6.0705e-01, 6.0566e-01, 6.0984e-01,
        5.8692e-01, 5.6237e-01])
Preds:tensor([1., 1., 0., 0., 0., 0., 1., 1., 1., 1., 1., 1., 1., 1., 1., 1., 1., 1.,
        1., 1.])
Data:tensor([0.0000, 0.0000, 0.0000, 0.0000, 4.8316, 0.0000, 0.0000, 0.0000, 0.0000,
        0.0000, 0.0000, 0.0000, 0.0000, 6.2168, 0.0000, 0.0000, 0.0000, 0.0000,
        0.0000, 0.0000])
Probabilities:tensor([5.7971e-01, 6.4683e-01, 8.8711e-02, 1.9589e-09, 6.1556e-22, 3.2213e-04,
        5.5443e-01, 6.4976e-01, 5.7342e-01, 6.3881e-01, 5.7134e-01, 6.0692e-01,
        7.2003e-03, 4.9736e-30, 2.5410e-27, 1.7295e-05, 6.4594e-01, 5.7897e-01,
        6.1995e-01, 5.6332e-01])
Preds:tensor([1., 1., 0., 0., 0., 0., 1., 1., 1., 1., 1., 1., 0., 0., 0., 0., 1., 1.,
        1., 1.])
Data:tensor([ 0.0000,  0.0000, 11.0587,  0.0000,  0.0000,  0.0000,  0.0000,  0.0000,
         0.0000,  0.0000,  0.0000,  0.0000,  0.9841,  0.0000,  0.0000,  0.0000,
         0.0000,  0.0000,  0.0000,  0.0000])
Probabilities:tensor([4.0471e-06, 3.9447e-26, 7.6125e-29, 1.1852e-03, 5.5865e-01, 5.6176e-01,
        6.5886e-01, 5.8627e-01, 5.6207e-01, 5.9895e-01, 6.4346e-01, 6.4246e-01,
        5.8908e-01, 4.8237e-01, 5.9844e-01, 6.6319e-01, 5.4923e-01, 6.7408e-01,
        5.2161e-01, 6.0191e-01])
Preds:tensor([0., 0., 0., 0., 1., 1., 1., 1., 1., 1., 1., 1., 1., 0., 1., 1., 1., 1.,
        1., 1.])
Data:tensor([0.0000, 0.0000, 6.7997, 0.0000, 0.0000, 0.0000, 0.0000, 0.0000, 0.0000,
        0.0000, 0.0000, 2.7249, 0.0000, 0.0000, 0.0000, 0.0000, 0.0000, 0.0000,
        0.0000, 0.0000])
Probabilities:tensor([1.5482e-10, 1.1349e-33, 8.2804e-12, 2.7473e-06, 6.3322e-01, 5.8854e-01,
        5.8811e-01, 5.9575e-01, 6.2512e-01, 6.0565e-01, 2.3166e-01, 3.9833e-25,
        1.7029e-03, 6.6707e-01, 5.4046e-01, 5.9298e-01, 5.8549e-01, 6.3389e-01,
        6.1480e-01, 9.4759e-05])
Preds:tensor([0., 0., 0., 0., 1., 1., 1., 1., 1., 1., 0., 0., 0., 1., 1., 1., 1., 1.,
        1., 0.])
Accuracy: 0.3825, Precision: 0.0717, Recall: 0.9500, F1: 0.1333
