Individual Losses: 1.3691, 1.3520, 1.3502, 1.3539, 1.3566, 1.3482, 1.3458, 1.3414, 
Epoch: 000, Loss: 1.3414
Individual Losses: 1.3462, 1.3392, 1.3370, 1.3361, 1.3389, 1.3309, 1.3295, 1.3264, 
Epoch: 001, Loss: 1.3264
Individual Losses: 1.3382, 1.3225, 1.3159, 1.3171, 1.3280, 1.3151, 1.3110, 1.3088, 
Epoch: 002, Loss: 1.3088
Individual Losses: 1.3350, 1.3005, 1.2943, 1.2983, 1.3188, 1.2978, 1.2930, 1.2898, 
Epoch: 003, Loss: 1.2898
Individual Losses: 1.3337, 1.2797, 1.2708, 1.2793, 1.3135, 1.2813, 1.2723, 1.2719, 
Epoch: 004, Loss: 1.2719
Individual Losses: 1.3416, 1.2597, 1.2482, 1.2618, 1.3127, 1.2675, 1.2566, 1.2582, 
Epoch: 005, Loss: 1.2582
Individual Losses: 1.3563, 1.2428, 1.2299, 1.2486, 1.3170, 1.2585, 1.2462, 1.2493, 
Epoch: 006, Loss: 1.2493
Individual Losses: 1.3722, 1.2320, 1.2173, 1.2402, 1.3222, 1.2532, 1.2396, 1.2440, 
Epoch: 007, Loss: 1.2440
Individual Losses: 1.3844, 1.2263, 1.2094, 1.2349, 1.3243, 1.2499, 1.2361, 1.2407, 
Epoch: 008, Loss: 1.2407
Individual Losses: 1.3908, 1.2238, 1.2049, 1.2318, 1.3228, 1.2472, 1.2347, 1.2385, 
Epoch: 009, Loss: 1.2385
Individual Losses: 1.3923, 1.2231, 1.2024, 1.2300, 1.3195, 1.2451, 1.2344, 1.2370, 
Epoch: 010, Loss: 1.2370
Individual Losses: 1.3910, 1.2232, 1.2010, 1.2288, 1.3158, 1.2433, 1.2346, 1.2359, 
Epoch: 011, Loss: 1.2359
Individual Losses: 1.3886, 1.2237, 1.2000, 1.2281, 1.3125, 1.2418, 1.2349, 1.2350, 
Epoch: 012, Loss: 1.2350
Individual Losses: 1.3862, 1.2241, 1.1991, 1.2273, 1.3098, 1.2405, 1.2352, 1.2341, 
Epoch: 013, Loss: 1.2341
Individual Losses: 1.3844, 1.2244, 1.1981, 1.2266, 1.3078, 1.2393, 1.2353, 1.2333, 
Epoch: 014, Loss: 1.2333
Individual Losses: 1.3832, 1.2244, 1.1970, 1.2257, 1.3063, 1.2381, 1.2353, 1.2325, 
Epoch: 015, Loss: 1.2325
Individual Losses: 1.3826, 1.2243, 1.1958, 1.2249, 1.3052, 1.2371, 1.2352, 1.2317, 
Epoch: 016, Loss: 1.2317
Individual Losses: 1.3823, 1.2241, 1.1946, 1.2240, 1.3043, 1.2361, 1.2350, 1.2310, 
Epoch: 017, Loss: 1.2310
Individual Losses: 1.3821, 1.2239, 1.1935, 1.2232, 1.3036, 1.2352, 1.2349, 1.2303, 
Epoch: 018, Loss: 1.2303
Individual Losses: 1.3820, 1.2238, 1.1924, 1.2225, 1.3030, 1.2344, 1.2349, 1.2297, 
Epoch: 019, Loss: 1.2297
Individual Losses: 1.3818, 1.2237, 1.1914, 1.2218, 1.3024, 1.2336, 1.2348, 1.2291, 
Epoch: 020, Loss: 1.2291
Individual Losses: 1.3816, 1.2236, 1.1905, 1.2211, 1.3018, 1.2329, 1.2348, 1.2286, 
Epoch: 021, Loss: 1.2286
Individual Losses: 1.3814, 1.2235, 1.1896, 1.2205, 1.3013, 1.2322, 1.2348, 1.2281, 
Epoch: 022, Loss: 1.2281
Individual Losses: 1.3811, 1.2234, 1.1888, 1.2199, 1.3009, 1.2315, 1.2348, 1.2276, 
Epoch: 023, Loss: 1.2276
Individual Losses: 1.3808, 1.2234, 1.1881, 1.2194, 1.3004, 1.2309, 1.2348, 1.2272, 
Epoch: 024, Loss: 1.2272
Individual Losses: 1.3806, 1.2234, 1.1873, 1.2189, 1.3000, 1.2304, 1.2348, 1.2267, 
Epoch: 025, Loss: 1.2267
Individual Losses: 1.3804, 1.2233, 1.1867, 1.2184, 1.2997, 1.2298, 1.2349, 1.2263, 
Epoch: 026, Loss: 1.2263
Individual Losses: 1.3801, 1.2233, 1.1860, 1.2179, 1.2993, 1.2293, 1.2349, 1.2260, 
Epoch: 027, Loss: 1.2260
Individual Losses: 1.3799, 1.2233, 1.1854, 1.2175, 1.2990, 1.2288, 1.2349, 1.2256, 
Epoch: 028, Loss: 1.2256
Individual Losses: 1.3797, 1.2233, 1.1848, 1.2170, 1.2987, 1.2283, 1.2350, 1.2253, 
Epoch: 029, Loss: 1.2253
Individual Losses: 1.3795, 1.2232, 1.1842, 1.2166, 1.2985, 1.2278, 1.2350, 1.2249, 
Epoch: 030, Loss: 1.2249
Individual Losses: 1.3793, 1.2232, 1.1836, 1.2162, 1.2982, 1.2274, 1.2351, 1.2246, 
Epoch: 031, Loss: 1.2246
Individual Losses: 1.3791, 1.2232, 1.1831, 1.2158, 1.2979, 1.2270, 1.2351, 1.2243, 
Epoch: 032, Loss: 1.2243
Individual Losses: 1.3789, 1.2232, 1.1826, 1.2155, 1.2977, 1.2265, 1.2352, 1.2240, 
Epoch: 033, Loss: 1.2240
Individual Losses: 1.3788, 1.2232, 1.1821, 1.2151, 1.2975, 1.2261, 1.2353, 1.2237, 
Epoch: 034, Loss: 1.2237
Individual Losses: 1.3786, 1.2232, 1.1816, 1.2147, 1.2972, 1.2257, 1.2353, 1.2235, 
Epoch: 035, Loss: 1.2235
Individual Losses: 1.3784, 1.2232, 1.1812, 1.2144, 1.2970, 1.2254, 1.2354, 1.2232, 
Epoch: 036, Loss: 1.2232
Individual Losses: 1.3783, 1.2232, 1.1808, 1.2141, 1.2968, 1.2250, 1.2355, 1.2230, 
Epoch: 037, Loss: 1.2230
Individual Losses: 1.3781, 1.2233, 1.1803, 1.2138, 1.2966, 1.2246, 1.2355, 1.2227, 
Epoch: 038, Loss: 1.2227
Individual Losses: 1.3779, 1.2233, 1.1799, 1.2134, 1.2964, 1.2243, 1.2356, 1.2225, 
Epoch: 039, Loss: 1.2225
Individual Losses: 1.3778, 1.2233, 1.1795, 1.2131, 1.2962, 1.2239, 1.2357, 1.2223, 
Epoch: 040, Loss: 1.2223
Individual Losses: 1.3776, 1.2233, 1.1791, 1.2129, 1.2961, 1.2236, 1.2358, 1.2221, 
Epoch: 041, Loss: 1.2221
Individual Losses: 1.3775, 1.2233, 1.1788, 1.2126, 1.2959, 1.2233, 1.2359, 1.2218, 
Epoch: 042, Loss: 1.2218
Individual Losses: 1.3773, 1.2233, 1.1784, 1.2123, 1.2957, 1.2230, 1.2359, 1.2216, 
Epoch: 043, Loss: 1.2216
Individual Losses: 1.3772, 1.2233, 1.1781, 1.2120, 1.2955, 1.2226, 1.2360, 1.2214, 
Epoch: 044, Loss: 1.2214
Individual Losses: 1.3771, 1.2234, 1.1777, 1.2118, 1.2954, 1.2223, 1.2361, 1.2212, 
Epoch: 045, Loss: 1.2212
Individual Losses: 1.3769, 1.2234, 1.1774, 1.2115, 1.2952, 1.2220, 1.2362, 1.2211, 
Epoch: 046, Loss: 1.2211
Individual Losses: 1.3768, 1.2234, 1.1771, 1.2113, 1.2950, 1.2217, 1.2363, 1.2209, 
Epoch: 047, Loss: 1.2209
Individual Losses: 1.3767, 1.2234, 1.1768, 1.2110, 1.2949, 1.2214, 1.2364, 1.2207, 
Epoch: 048, Loss: 1.2207
Individual Losses: 1.3765, 1.2235, 1.1765, 1.2108, 1.2947, 1.2212, 1.2364, 1.2205, 
Epoch: 049, Loss: 1.2205
Individual Losses: 1.3764, 1.2235, 1.1762, 1.2105, 1.2946, 1.2209, 1.2365, 1.2204, 
Epoch: 050, Loss: 1.2204
Individual Losses: 1.3763, 1.2235, 1.1759, 1.2103, 1.2944, 1.2206, 1.2366, 1.2202, 
Epoch: 051, Loss: 1.2202
Individual Losses: 1.3761, 1.2235, 1.1756, 1.2101, 1.2943, 1.2203, 1.2367, 1.2200, 
Epoch: 052, Loss: 1.2200
Individual Losses: 1.3760, 1.2236, 1.1753, 1.2099, 1.2941, 1.2201, 1.2368, 1.2199, 
Epoch: 053, Loss: 1.2199
Individual Losses: 1.3759, 1.2236, 1.1751, 1.2097, 1.2940, 1.2198, 1.2369, 1.2197, 
Epoch: 054, Loss: 1.2197
Individual Losses: 1.3758, 1.2236, 1.1748, 1.2094, 1.2938, 1.2196, 1.2370, 1.2196, 
Epoch: 055, Loss: 1.2196
Individual Losses: 1.3757, 1.2236, 1.1746, 1.2092, 1.2937, 1.2193, 1.2371, 1.2194, 
Epoch: 056, Loss: 1.2194
Individual Losses: 1.3756, 1.2237, 1.1743, 1.2090, 1.2936, 1.2191, 1.2371, 1.2193, 
Epoch: 057, Loss: 1.2193
Individual Losses: 1.3754, 1.2237, 1.1741, 1.2088, 1.2934, 1.2188, 1.2372, 1.2192, 
Epoch: 058, Loss: 1.2192
Individual Losses: 1.3753, 1.2237, 1.1738, 1.2086, 1.2933, 1.2186, 1.2373, 1.2190, 
Epoch: 059, Loss: 1.2190
Individual Losses: 1.3752, 1.2238, 1.1736, 1.2084, 1.2932, 1.2183, 1.2374, 1.2189, 
Epoch: 060, Loss: 1.2189
Individual Losses: 1.3751, 1.2238, 1.1734, 1.2083, 1.2930, 1.2181, 1.2375, 1.2188, 
Epoch: 061, Loss: 1.2188
Individual Losses: 1.3750, 1.2238, 1.1732, 1.2081, 1.2929, 1.2179, 1.2376, 1.2186, 
Epoch: 062, Loss: 1.2186
Individual Losses: 1.3749, 1.2239, 1.1729, 1.2079, 1.2928, 1.2176, 1.2377, 1.2185, 
Epoch: 063, Loss: 1.2185
Individual Losses: 1.3748, 1.2239, 1.1727, 1.2077, 1.2926, 1.2174, 1.2377, 1.2184, 
Epoch: 064, Loss: 1.2184
Individual Losses: 1.3747, 1.2239, 1.1725, 1.2075, 1.2925, 1.2172, 1.2378, 1.2183, 
Epoch: 065, Loss: 1.2183
Individual Losses: 1.3746, 1.2240, 1.1723, 1.2074, 1.2924, 1.2170, 1.2379, 1.2182, 
Epoch: 066, Loss: 1.2182
Individual Losses: 1.3745, 1.2240, 1.1721, 1.2072, 1.2922, 1.2168, 1.2380, 1.2181, 
Epoch: 067, Loss: 1.2181
Individual Losses: 1.3744, 1.2240, 1.1719, 1.2070, 1.2921, 1.2165, 1.2381, 1.2179, 
Epoch: 068, Loss: 1.2179
Individual Losses: 1.3743, 1.2241, 1.1717, 1.2069, 1.2920, 1.2163, 1.2382, 1.2178, 
Epoch: 069, Loss: 1.2178
Individual Losses: 1.3742, 1.2241, 1.1716, 1.2067, 1.2919, 1.2161, 1.2382, 1.2177, 
Epoch: 070, Loss: 1.2177
Individual Losses: 1.3741, 1.2241, 1.1714, 1.2065, 1.2917, 1.2159, 1.2383, 1.2176, 
Epoch: 071, Loss: 1.2176
Individual Losses: 1.3740, 1.2242, 1.1712, 1.2064, 1.2916, 1.2157, 1.2384, 1.2175, 
Epoch: 072, Loss: 1.2175
Individual Losses: 1.3739, 1.2242, 1.1710, 1.2062, 1.2915, 1.2155, 1.2385, 1.2174, 
Epoch: 073, Loss: 1.2174
Individual Losses: 1.3738, 1.2242, 1.1708, 1.2061, 1.2914, 1.2153, 1.2386, 1.2173, 
Epoch: 074, Loss: 1.2173
Individual Losses: 1.3737, 1.2243, 1.1707, 1.2059, 1.2912, 1.2151, 1.2386, 1.2172, 
Epoch: 075, Loss: 1.2172
Individual Losses: 1.3736, 1.2243, 1.1705, 1.2058, 1.2911, 1.2149, 1.2387, 1.2171, 
Epoch: 076, Loss: 1.2171
Individual Losses: 1.3735, 1.2243, 1.1703, 1.2056, 1.2910, 1.2147, 1.2388, 1.2170, 
Epoch: 077, Loss: 1.2170
Individual Losses: 1.3734, 1.2244, 1.1702, 1.2055, 1.2909, 1.2145, 1.2389, 1.2169, 
Epoch: 078, Loss: 1.2169
Individual Losses: 1.3733, 1.2244, 1.1700, 1.2053, 1.2908, 1.2144, 1.2390, 1.2169, 
Epoch: 079, Loss: 1.2169
Individual Losses: 1.3732, 1.2244, 1.1699, 1.2052, 1.2907, 1.2142, 1.2390, 1.2168, 
Epoch: 080, Loss: 1.2168
Individual Losses: 1.3731, 1.2245, 1.1697, 1.2051, 1.2905, 1.2140, 1.2391, 1.2167, 
Epoch: 081, Loss: 1.2167
Individual Losses: 1.3730, 1.2245, 1.1696, 1.2049, 1.2904, 1.2138, 1.2392, 1.2166, 
Epoch: 082, Loss: 1.2166
Individual Losses: 1.3730, 1.2246, 1.1694, 1.2048, 1.2903, 1.2136, 1.2393, 1.2165, 
Epoch: 083, Loss: 1.2165
Individual Losses: 1.3729, 1.2246, 1.1693, 1.2047, 1.2902, 1.2134, 1.2393, 1.2164, 
Epoch: 084, Loss: 1.2164
Individual Losses: 1.3728, 1.2246, 1.1691, 1.2045, 1.2901, 1.2133, 1.2394, 1.2163, 
Epoch: 085, Loss: 1.2163
Individual Losses: 1.3727, 1.2247, 1.1690, 1.2044, 1.2900, 1.2131, 1.2395, 1.2163, 
Epoch: 086, Loss: 1.2163
Individual Losses: 1.3726, 1.2247, 1.1689, 1.2043, 1.2898, 1.2129, 1.2396, 1.2162, 
Epoch: 087, Loss: 1.2162
Individual Losses: 1.3725, 1.2247, 1.1687, 1.2041, 1.2897, 1.2128, 1.2396, 1.2161, 
Epoch: 088, Loss: 1.2161
Individual Losses: 1.3724, 1.2248, 1.1686, 1.2040, 1.2896, 1.2126, 1.2397, 1.2160, 
Epoch: 089, Loss: 1.2160
Individual Losses: 1.3724, 1.2248, 1.1685, 1.2039, 1.2895, 1.2124, 1.2398, 1.2160, 
Epoch: 090, Loss: 1.2160
Individual Losses: 1.3723, 1.2249, 1.1684, 1.2038, 1.2894, 1.2123, 1.2398, 1.2159, 
Epoch: 091, Loss: 1.2159
Individual Losses: 1.3722, 1.2249, 1.1682, 1.2036, 1.2893, 1.2121, 1.2399, 1.2158, 
Epoch: 092, Loss: 1.2158
Individual Losses: 1.3721, 1.2249, 1.1681, 1.2035, 1.2892, 1.2119, 1.2400, 1.2157, 
Epoch: 093, Loss: 1.2157
Individual Losses: 1.3720, 1.2250, 1.1680, 1.2034, 1.2891, 1.2118, 1.2400, 1.2157, 
Epoch: 094, Loss: 1.2157
Individual Losses: 1.3720, 1.2250, 1.1679, 1.2033, 1.2890, 1.2116, 1.2401, 1.2156, 
Epoch: 095, Loss: 1.2156
Individual Losses: 1.3719, 1.2250, 1.1677, 1.2032, 1.2888, 1.2115, 1.2402, 1.2155, 
Epoch: 096, Loss: 1.2155
Individual Losses: 1.3718, 1.2251, 1.1676, 1.2030, 1.2887, 1.2113, 1.2402, 1.2155, 
Epoch: 097, Loss: 1.2155
Individual Losses: 1.3717, 1.2251, 1.1675, 1.2029, 1.2886, 1.2111, 1.2403, 1.2154, 
Epoch: 098, Loss: 1.2154
Individual Losses: 1.3716, 1.2252, 1.1674, 1.2028, 1.2885, 1.2110, 1.2404, 1.2153, 
Epoch: 099, Loss: 1.2153
Individual Losses: 1.3716, 1.2252, 1.1673, 1.2027, 1.2884, 1.2108, 1.2404, 1.2153, 
Epoch: 100, Loss: 1.2153
Individual Losses: 1.3715, 1.2252, 1.1672, 1.2026, 1.2883, 1.2107, 1.2405, 1.2152, 
Epoch: 101, Loss: 1.2152
Individual Losses: 1.3714, 1.2253, 1.1671, 1.2025, 1.2882, 1.2105, 1.2406, 1.2151, 
Epoch: 102, Loss: 1.2151
Individual Losses: 1.3713, 1.2253, 1.1670, 1.2024, 1.2881, 1.2104, 1.2406, 1.2151, 
Epoch: 103, Loss: 1.2151
Individual Losses: 1.3713, 1.2253, 1.1669, 1.2023, 1.2880, 1.2102, 1.2407, 1.2150, 
Epoch: 104, Loss: 1.2150
Individual Losses: 1.3712, 1.2254, 1.1668, 1.2022, 1.2879, 1.2101, 1.2408, 1.2149, 
Epoch: 105, Loss: 1.2149
Individual Losses: 1.3711, 1.2254, 1.1667, 1.2021, 1.2878, 1.2100, 1.2408, 1.2149, 
Epoch: 106, Loss: 1.2149
Individual Losses: 1.3710, 1.2255, 1.1666, 1.2019, 1.2877, 1.2098, 1.2409, 1.2148, 
Epoch: 107, Loss: 1.2148
Individual Losses: 1.3710, 1.2255, 1.1665, 1.2018, 1.2876, 1.2097, 1.2409, 1.2148, 
Epoch: 108, Loss: 1.2148
Individual Losses: 1.3709, 1.2255, 1.1664, 1.2017, 1.2875, 1.2095, 1.2410, 1.2147, 
Epoch: 109, Loss: 1.2147
Individual Losses: 1.3708, 1.2256, 1.1663, 1.2016, 1.2874, 1.2094, 1.2411, 1.2146, 
Epoch: 110, Loss: 1.2146
Individual Losses: 1.3707, 1.2256, 1.1662, 1.2015, 1.2873, 1.2093, 1.2411, 1.2146, 
Epoch: 111, Loss: 1.2146
Individual Losses: 1.3707, 1.2256, 1.1661, 1.2014, 1.2872, 1.2091, 1.2412, 1.2145, 
Epoch: 112, Loss: 1.2145
Individual Losses: 1.3706, 1.2257, 1.1660, 1.2013, 1.2871, 1.2090, 1.2412, 1.2145, 
Epoch: 113, Loss: 1.2145
Individual Losses: 1.3705, 1.2257, 1.1659, 1.2012, 1.2870, 1.2089, 1.2413, 1.2144, 
Epoch: 114, Loss: 1.2144
Individual Losses: 1.3704, 1.2257, 1.1658, 1.2011, 1.2869, 1.2087, 1.2414, 1.2144, 
Epoch: 115, Loss: 1.2144
Individual Losses: 1.3704, 1.2258, 1.1657, 1.2010, 1.2868, 1.2086, 1.2414, 1.2143, 
Epoch: 116, Loss: 1.2143
Individual Losses: 1.3703, 1.2258, 1.1657, 1.2010, 1.2867, 1.2085, 1.2415, 1.2143, 
Epoch: 117, Loss: 1.2143
Individual Losses: 1.3702, 1.2258, 1.1656, 1.2009, 1.2866, 1.2083, 1.2415, 1.2142, 
Epoch: 118, Loss: 1.2142
Individual Losses: 1.3702, 1.2259, 1.1655, 1.2008, 1.2865, 1.2082, 1.2416, 1.2142, 
Epoch: 119, Loss: 1.2142
Individual Losses: 1.3701, 1.2259, 1.1654, 1.2007, 1.2864, 1.2081, 1.2416, 1.2141, 
Epoch: 120, Loss: 1.2141
Individual Losses: 1.3700, 1.2260, 1.1653, 1.2006, 1.2863, 1.2079, 1.2417, 1.2141, 
Epoch: 121, Loss: 1.2141
Individual Losses: 1.3700, 1.2260, 1.1653, 1.2005, 1.2862, 1.2078, 1.2417, 1.2140, 
Epoch: 122, Loss: 1.2140
Individual Losses: 1.3699, 1.2260, 1.1652, 1.2004, 1.2861, 1.2077, 1.2418, 1.2140, 
Epoch: 123, Loss: 1.2140
Individual Losses: 1.3698, 1.2261, 1.1651, 1.2003, 1.2860, 1.2076, 1.2418, 1.2139, 
Epoch: 124, Loss: 1.2139
Individual Losses: 1.3698, 1.2261, 1.1650, 1.2002, 1.2859, 1.2074, 1.2419, 1.2139, 
Epoch: 125, Loss: 1.2139
Individual Losses: 1.3697, 1.2261, 1.1649, 1.2001, 1.2858, 1.2073, 1.2419, 1.2138, 
Epoch: 126, Loss: 1.2138
Individual Losses: 1.3696, 1.2262, 1.1649, 1.2000, 1.2857, 1.2072, 1.2420, 1.2138, 
Epoch: 127, Loss: 1.2138
Individual Losses: 1.3696, 1.2262, 1.1648, 1.1999, 1.2856, 1.2071, 1.2420, 1.2137, 
Epoch: 128, Loss: 1.2137
Individual Losses: 1.3695, 1.2262, 1.1647, 1.1999, 1.2855, 1.2070, 1.2421, 1.2137, 
Epoch: 129, Loss: 1.2137
Individual Losses: 1.3694, 1.2263, 1.1646, 1.1998, 1.2854, 1.2068, 1.2421, 1.2136, 
Epoch: 130, Loss: 1.2136
Individual Losses: 1.3694, 1.2263, 1.1646, 1.1997, 1.2853, 1.2067, 1.2422, 1.2136, 
Epoch: 131, Loss: 1.2136
Individual Losses: 1.3693, 1.2263, 1.1645, 1.1996, 1.2852, 1.2066, 1.2422, 1.2135, 
Epoch: 132, Loss: 1.2135
Individual Losses: 1.3692, 1.2264, 1.1644, 1.1995, 1.2851, 1.2065, 1.2423, 1.2135, 
Epoch: 133, Loss: 1.2135
Individual Losses: 1.3692, 1.2264, 1.1644, 1.1994, 1.2851, 1.2064, 1.2423, 1.2135, 
Epoch: 134, Loss: 1.2135
Individual Losses: 1.3691, 1.2264, 1.1643, 1.1993, 1.2850, 1.2063, 1.2424, 1.2134, 
Epoch: 135, Loss: 1.2134
Individual Losses: 1.3690, 1.2265, 1.1642, 1.1993, 1.2849, 1.2062, 1.2424, 1.2134, 
Epoch: 136, Loss: 1.2134
Individual Losses: 1.3690, 1.2265, 1.1642, 1.1992, 1.2848, 1.2060, 1.2425, 1.2133, 
Epoch: 137, Loss: 1.2133
Individual Losses: 1.3689, 1.2265, 1.1641, 1.1991, 1.2847, 1.2059, 1.2425, 1.2133, 
Epoch: 138, Loss: 1.2133
Individual Losses: 1.3688, 1.2265, 1.1640, 1.1990, 1.2846, 1.2058, 1.2426, 1.2132, 
Epoch: 139, Loss: 1.2132
Individual Losses: 1.3688, 1.2266, 1.1640, 1.1989, 1.2845, 1.2057, 1.2426, 1.2132, 
Epoch: 140, Loss: 1.2132
Individual Losses: 1.3687, 1.2266, 1.1639, 1.1989, 1.2844, 1.2056, 1.2426, 1.2132, 
Epoch: 141, Loss: 1.2132
Individual Losses: 1.3687, 1.2266, 1.1638, 1.1988, 1.2843, 1.2055, 1.2427, 1.2131, 
Epoch: 142, Loss: 1.2131
Individual Losses: 1.3686, 1.2267, 1.1638, 1.1987, 1.2842, 1.2054, 1.2427, 1.2131, 
Epoch: 143, Loss: 1.2131
Individual Losses: 1.3685, 1.2267, 1.1637, 1.1986, 1.2842, 1.2053, 1.2428, 1.2130, 
Epoch: 144, Loss: 1.2130
Individual Losses: 1.3685, 1.2267, 1.1636, 1.1985, 1.2841, 1.2052, 1.2428, 1.2130, 
Epoch: 145, Loss: 1.2130
Individual Losses: 1.3684, 1.2268, 1.1636, 1.1985, 1.2840, 1.2051, 1.2429, 1.2130, 
Epoch: 146, Loss: 1.2130
Individual Losses: 1.3683, 1.2268, 1.1635, 1.1984, 1.2839, 1.2050, 1.2429, 1.2129, 
Epoch: 147, Loss: 1.2129
Individual Losses: 1.3683, 1.2268, 1.1635, 1.1983, 1.2838, 1.2049, 1.2429, 1.2129, 
Epoch: 148, Loss: 1.2129
Individual Losses: 1.3682, 1.2268, 1.1634, 1.1982, 1.2837, 1.2048, 1.2430, 1.2128, 
Epoch: 149, Loss: 1.2128
Individual Losses: 1.3682, 1.2269, 1.1633, 1.1982, 1.2836, 1.2047, 1.2430, 1.2128, 
Epoch: 150, Loss: 1.2128
Individual Losses: 1.3681, 1.2269, 1.1633, 1.1981, 1.2836, 1.2046, 1.2431, 1.2128, 
Epoch: 151, Loss: 1.2128
Individual Losses: 1.3680, 1.2269, 1.1632, 1.1980, 1.2835, 1.2045, 1.2431, 1.2127, 
Epoch: 152, Loss: 1.2127
Individual Losses: 1.3680, 1.2270, 1.1632, 1.1979, 1.2834, 1.2044, 1.2431, 1.2127, 
Epoch: 153, Loss: 1.2127
Individual Losses: 1.3679, 1.2270, 1.1631, 1.1979, 1.2833, 1.2043, 1.2432, 1.2127, 
Epoch: 154, Loss: 1.2127
Individual Losses: 1.3679, 1.2270, 1.1631, 1.1978, 1.2832, 1.2042, 1.2432, 1.2126, 
Epoch: 155, Loss: 1.2126
Individual Losses: 1.3678, 1.2270, 1.1630, 1.1977, 1.2831, 1.2041, 1.2432, 1.2126, 
Epoch: 156, Loss: 1.2126
Individual Losses: 1.3677, 1.2271, 1.1629, 1.1976, 1.2831, 1.2040, 1.2433, 1.2125, 
Epoch: 157, Loss: 1.2125
Individual Losses: 1.3677, 1.2271, 1.1629, 1.1976, 1.2830, 1.2039, 1.2433, 1.2125, 
Epoch: 158, Loss: 1.2125
Individual Losses: 1.3676, 1.2271, 1.1628, 1.1975, 1.2829, 1.2038, 1.2434, 1.2125, 
Epoch: 159, Loss: 1.2125
Individual Losses: 1.3676, 1.2271, 1.1628, 1.1974, 1.2828, 1.2037, 1.2434, 1.2124, 
Epoch: 160, Loss: 1.2124
Individual Losses: 1.3675, 1.2272, 1.1627, 1.1973, 1.2827, 1.2036, 1.2434, 1.2124, 
Epoch: 161, Loss: 1.2124
Individual Losses: 1.3674, 1.2272, 1.1627, 1.1973, 1.2826, 1.2035, 1.2435, 1.2124, 
Epoch: 162, Loss: 1.2124
Individual Losses: 1.3674, 1.2272, 1.1626, 1.1972, 1.2826, 1.2034, 1.2435, 1.2123, 
Epoch: 163, Loss: 1.2123
Individual Losses: 1.3673, 1.2272, 1.1626, 1.1971, 1.2825, 1.2033, 1.2435, 1.2123, 
Epoch: 164, Loss: 1.2123
Individual Losses: 1.3673, 1.2273, 1.1625, 1.1971, 1.2824, 1.2032, 1.2436, 1.2123, 
Epoch: 165, Loss: 1.2123
Individual Losses: 1.3672, 1.2273, 1.1625, 1.1970, 1.2823, 1.2031, 1.2436, 1.2122, 
Epoch: 166, Loss: 1.2122
Individual Losses: 1.3672, 1.2273, 1.1624, 1.1969, 1.2822, 1.2030, 1.2436, 1.2122, 
Epoch: 167, Loss: 1.2122
Individual Losses: 1.3671, 1.2273, 1.1624, 1.1969, 1.2822, 1.2029, 1.2437, 1.2122, 
Epoch: 168, Loss: 1.2122
Individual Losses: 1.3670, 1.2274, 1.1623, 1.1968, 1.2821, 1.2028, 1.2437, 1.2121, 
Epoch: 169, Loss: 1.2121
Individual Losses: 1.3670, 1.2274, 1.1623, 1.1967, 1.2820, 1.2027, 1.2437, 1.2121, 
Epoch: 170, Loss: 1.2121
Individual Losses: 1.3669, 1.2274, 1.1622, 1.1967, 1.2819, 1.2027, 1.2438, 1.2121, 
Epoch: 171, Loss: 1.2121
Individual Losses: 1.3669, 1.2274, 1.1622, 1.1966, 1.2819, 1.2026, 1.2438, 1.2120, 
Epoch: 172, Loss: 1.2120
Individual Losses: 1.3668, 1.2274, 1.1621, 1.1965, 1.2818, 1.2025, 1.2438, 1.2120, 
Epoch: 173, Loss: 1.2120
Individual Losses: 1.3668, 1.2275, 1.1621, 1.1964, 1.2817, 1.2024, 1.2438, 1.2120, 
Epoch: 174, Loss: 1.2120
Individual Losses: 1.3667, 1.2275, 1.1620, 1.1964, 1.2816, 1.2023, 1.2439, 1.2119, 
Epoch: 175, Loss: 1.2119
Individual Losses: 1.3666, 1.2275, 1.1620, 1.1963, 1.2816, 1.2022, 1.2439, 1.2119, 
Epoch: 176, Loss: 1.2119
Individual Losses: 1.3666, 1.2275, 1.1619, 1.1963, 1.2815, 1.2021, 1.2439, 1.2119, 
Epoch: 177, Loss: 1.2119
Individual Losses: 1.3665, 1.2276, 1.1619, 1.1962, 1.2814, 1.2020, 1.2440, 1.2118, 
Epoch: 178, Loss: 1.2118
Individual Losses: 1.3665, 1.2276, 1.1618, 1.1961, 1.2813, 1.2020, 1.2440, 1.2118, 
Epoch: 179, Loss: 1.2118
Individual Losses: 1.3664, 1.2276, 1.1618, 1.1961, 1.2813, 1.2019, 1.2440, 1.2118, 
Epoch: 180, Loss: 1.2118
Individual Losses: 1.3664, 1.2276, 1.1617, 1.1960, 1.2812, 1.2018, 1.2440, 1.2117, 
Epoch: 181, Loss: 1.2117
Individual Losses: 1.3663, 1.2276, 1.1617, 1.1959, 1.2811, 1.2017, 1.2441, 1.2117, 
Epoch: 182, Loss: 1.2117
Individual Losses: 1.3663, 1.2276, 1.1616, 1.1959, 1.2810, 1.2016, 1.2441, 1.2117, 
Epoch: 183, Loss: 1.2117
Individual Losses: 1.3662, 1.2277, 1.1616, 1.1958, 1.2810, 1.2015, 1.2441, 1.2116, 
Epoch: 184, Loss: 1.2116
Individual Losses: 1.3661, 1.2277, 1.1615, 1.1957, 1.2809, 1.2015, 1.2441, 1.2116, 
Epoch: 185, Loss: 1.2116
Individual Losses: 1.3661, 1.2277, 1.1615, 1.1957, 1.2808, 1.2014, 1.2442, 1.2116, 
Epoch: 186, Loss: 1.2116
Individual Losses: 1.3660, 1.2277, 1.1615, 1.1956, 1.2807, 1.2013, 1.2442, 1.2116, 
Epoch: 187, Loss: 1.2116
Individual Losses: 1.3660, 1.2277, 1.1614, 1.1955, 1.2807, 1.2012, 1.2442, 1.2115, 
Epoch: 188, Loss: 1.2115
Individual Losses: 1.3659, 1.2278, 1.1614, 1.1955, 1.2806, 1.2011, 1.2442, 1.2115, 
Epoch: 189, Loss: 1.2115
Individual Losses: 1.3659, 1.2278, 1.1613, 1.1954, 1.2805, 1.2010, 1.2443, 1.2115, 
Epoch: 190, Loss: 1.2115
Individual Losses: 1.3658, 1.2278, 1.1613, 1.1954, 1.2804, 1.2010, 1.2443, 1.2114, 
Epoch: 191, Loss: 1.2114
Individual Losses: 1.3658, 1.2278, 1.1612, 1.1953, 1.2804, 1.2009, 1.2443, 1.2114, 
Epoch: 192, Loss: 1.2114
Individual Losses: 1.3657, 1.2278, 1.1612, 1.1952, 1.2803, 1.2008, 1.2443, 1.2114, 
Epoch: 193, Loss: 1.2114
Individual Losses: 1.3657, 1.2278, 1.1611, 1.1952, 1.2802, 1.2007, 1.2444, 1.2113, 
Epoch: 194, Loss: 1.2113
Individual Losses: 1.3656, 1.2279, 1.1611, 1.1951, 1.2802, 1.2006, 1.2444, 1.2113, 
Epoch: 195, Loss: 1.2113
Individual Losses: 1.3656, 1.2279, 1.1611, 1.1950, 1.2801, 1.2006, 1.2444, 1.2113, 
Epoch: 196, Loss: 1.2113
Individual Losses: 1.3655, 1.2279, 1.1610, 1.1950, 1.2800, 1.2005, 1.2444, 1.2112, 
Epoch: 197, Loss: 1.2112
Individual Losses: 1.3654, 1.2279, 1.1610, 1.1949, 1.2800, 1.2004, 1.2444, 1.2112, 
Epoch: 198, Loss: 1.2112
Individual Losses: 1.3654, 1.2279, 1.1609, 1.1949, 1.2799, 1.2003, 1.2445, 1.2112, 
Epoch: 199, Loss: 1.2112
Individual Losses: 1.3653, 1.2279, 1.1609, 1.1948, 1.2798, 1.2003, 1.2445, 1.2112, 
Epoch: 200, Loss: 1.2112
Individual Losses: 1.3653, 1.2279, 1.1609, 1.1947, 1.2797, 1.2002, 1.2445, 1.2111, 
Epoch: 201, Loss: 1.2111
Individual Losses: 1.3652, 1.2280, 1.1608, 1.1947, 1.2797, 1.2001, 1.2445, 1.2111, 
Epoch: 202, Loss: 1.2111
Individual Losses: 1.3652, 1.2280, 1.1608, 1.1946, 1.2796, 1.2000, 1.2445, 1.2111, 
Epoch: 203, Loss: 1.2111
Individual Losses: 1.3651, 1.2280, 1.1607, 1.1946, 1.2795, 1.2000, 1.2446, 1.2110, 
Epoch: 204, Loss: 1.2110
Individual Losses: 1.3651, 1.2280, 1.1607, 1.1945, 1.2795, 1.1999, 1.2446, 1.2110, 
Epoch: 205, Loss: 1.2110
Individual Losses: 1.3650, 1.2280, 1.1606, 1.1944, 1.2794, 1.1998, 1.2446, 1.2110, 
Epoch: 206, Loss: 1.2110
Individual Losses: 1.3650, 1.2280, 1.1606, 1.1944, 1.2793, 1.1997, 1.2446, 1.2110, 
Epoch: 207, Loss: 1.2110
Individual Losses: 1.3649, 1.2280, 1.1606, 1.1943, 1.2793, 1.1997, 1.2446, 1.2109, 
Epoch: 208, Loss: 1.2109
Individual Losses: 1.3649, 1.2280, 1.1605, 1.1943, 1.2792, 1.1996, 1.2447, 1.2109, 
Epoch: 209, Loss: 1.2109
Individual Losses: 1.3648, 1.2281, 1.1605, 1.1942, 1.2791, 1.1995, 1.2447, 1.2109, 
Epoch: 210, Loss: 1.2109
Individual Losses: 1.3648, 1.2281, 1.1604, 1.1941, 1.2791, 1.1994, 1.2447, 1.2108, 
Epoch: 211, Loss: 1.2108
Individual Losses: 1.3647, 1.2281, 1.1604, 1.1941, 1.2790, 1.1994, 1.2447, 1.2108, 
Epoch: 212, Loss: 1.2108
Individual Losses: 1.3647, 1.2281, 1.1604, 1.1940, 1.2789, 1.1993, 1.2447, 1.2108, 
Epoch: 213, Loss: 1.2108
Individual Losses: 1.3646, 1.2281, 1.1603, 1.1940, 1.2789, 1.1992, 1.2447, 1.2108, 
Epoch: 214, Loss: 1.2108
Individual Losses: 1.3646, 1.2281, 1.1603, 1.1939, 1.2788, 1.1991, 1.2448, 1.2107, 
Epoch: 215, Loss: 1.2107
Individual Losses: 1.3645, 1.2281, 1.1603, 1.1939, 1.2787, 1.1991, 1.2448, 1.2107, 
Epoch: 216, Loss: 1.2107
Individual Losses: 1.3645, 1.2281, 1.1602, 1.1938, 1.2787, 1.1990, 1.2448, 1.2107, 
Epoch: 217, Loss: 1.2107
Individual Losses: 1.3644, 1.2281, 1.1602, 1.1937, 1.2786, 1.1989, 1.2448, 1.2106, 
Epoch: 218, Loss: 1.2106
Individual Losses: 1.3643, 1.2281, 1.1601, 1.1937, 1.2785, 1.1989, 1.2448, 1.2106, 
Epoch: 219, Loss: 1.2106
Individual Losses: 1.3643, 1.2282, 1.1601, 1.1936, 1.2784, 1.1988, 1.2448, 1.2106, 
Epoch: 220, Loss: 1.2106
Individual Losses: 1.3642, 1.2282, 1.1601, 1.1936, 1.2784, 1.1987, 1.2448, 1.2106, 
Epoch: 221, Loss: 1.2106
Individual Losses: 1.3642, 1.2282, 1.1600, 1.1935, 1.2783, 1.1986, 1.2448, 1.2105, 
Epoch: 222, Loss: 1.2105
Individual Losses: 1.3641, 1.2282, 1.1600, 1.1935, 1.2782, 1.1986, 1.2449, 1.2105, 
Epoch: 223, Loss: 1.2105
Individual Losses: 1.3641, 1.2282, 1.1600, 1.1934, 1.2782, 1.1985, 1.2449, 1.2105, 
Epoch: 224, Loss: 1.2105
Individual Losses: 1.3640, 1.2282, 1.1599, 1.1933, 1.2781, 1.1984, 1.2449, 1.2104, 
Epoch: 225, Loss: 1.2104
Individual Losses: 1.3640, 1.2282, 1.1599, 1.1933, 1.2780, 1.1984, 1.2449, 1.2104, 
Epoch: 226, Loss: 1.2104
Individual Losses: 1.3639, 1.2282, 1.1598, 1.1932, 1.2780, 1.1983, 1.2449, 1.2104, 
Epoch: 227, Loss: 1.2104
Individual Losses: 1.3639, 1.2282, 1.1598, 1.1932, 1.2779, 1.1982, 1.2449, 1.2104, 
Epoch: 228, Loss: 1.2104
Individual Losses: 1.3638, 1.2282, 1.1598, 1.1931, 1.2778, 1.1982, 1.2449, 1.2103, 
Epoch: 229, Loss: 1.2103
Individual Losses: 1.3638, 1.2282, 1.1597, 1.1931, 1.2778, 1.1981, 1.2449, 1.2103, 
Epoch: 230, Loss: 1.2103
Individual Losses: 1.3637, 1.2282, 1.1597, 1.1930, 1.2777, 1.1980, 1.2449, 1.2103, 
Epoch: 231, Loss: 1.2103
Individual Losses: 1.3637, 1.2282, 1.1597, 1.1930, 1.2777, 1.1980, 1.2449, 1.2103, 
Epoch: 232, Loss: 1.2103
Individual Losses: 1.3636, 1.2282, 1.1596, 1.1929, 1.2776, 1.1979, 1.2450, 1.2102, 
Epoch: 233, Loss: 1.2102
Individual Losses: 1.3636, 1.2282, 1.1596, 1.1928, 1.2775, 1.1978, 1.2450, 1.2102, 
Epoch: 234, Loss: 1.2102
Individual Losses: 1.3635, 1.2282, 1.1596, 1.1928, 1.2775, 1.1978, 1.2450, 1.2102, 
Epoch: 235, Loss: 1.2102
Individual Losses: 1.3635, 1.2283, 1.1595, 1.1927, 1.2774, 1.1977, 1.2450, 1.2101, 
Epoch: 236, Loss: 1.2101
Individual Losses: 1.3634, 1.2283, 1.1595, 1.1927, 1.2773, 1.1976, 1.2450, 1.2101, 
Epoch: 237, Loss: 1.2101
Individual Losses: 1.3634, 1.2283, 1.1595, 1.1926, 1.2773, 1.1975, 1.2450, 1.2101, 
Epoch: 238, Loss: 1.2101
Individual Losses: 1.3633, 1.2283, 1.1594, 1.1926, 1.2772, 1.1975, 1.2450, 1.2101, 
Epoch: 239, Loss: 1.2101
Individual Losses: 1.3633, 1.2283, 1.1594, 1.1925, 1.2771, 1.1974, 1.2450, 1.2100, 
Epoch: 240, Loss: 1.2100
Individual Losses: 1.3632, 1.2283, 1.1594, 1.1925, 1.2771, 1.1974, 1.2450, 1.2100, 
Epoch: 241, Loss: 1.2100
Individual Losses: 1.3632, 1.2283, 1.1593, 1.1924, 1.2770, 1.1973, 1.2450, 1.2100, 
Epoch: 242, Loss: 1.2100
Individual Losses: 1.3631, 1.2283, 1.1593, 1.1923, 1.2769, 1.1972, 1.2450, 1.2100, 
Epoch: 243, Loss: 1.2100
Individual Losses: 1.3631, 1.2283, 1.1593, 1.1923, 1.2769, 1.1972, 1.2450, 1.2099, 
Epoch: 244, Loss: 1.2099
Individual Losses: 1.3630, 1.2283, 1.1592, 1.1922, 1.2768, 1.1971, 1.2450, 1.2099, 
Epoch: 245, Loss: 1.2099
Individual Losses: 1.3630, 1.2283, 1.1592, 1.1922, 1.2767, 1.1970, 1.2450, 1.2099, 
Epoch: 246, Loss: 1.2099
Individual Losses: 1.3629, 1.2283, 1.1592, 1.1921, 1.2767, 1.1970, 1.2450, 1.2098, 
Epoch: 247, Loss: 1.2098
Individual Losses: 1.3629, 1.2283, 1.1591, 1.1921, 1.2766, 1.1969, 1.2450, 1.2098, 
Epoch: 248, Loss: 1.2098
Individual Losses: 1.3628, 1.2283, 1.1591, 1.1920, 1.2765, 1.1968, 1.2450, 1.2098, 
Epoch: 249, Loss: 1.2098
Individual Losses: 1.3628, 1.2283, 1.1591, 1.1920, 1.2765, 1.1968, 1.2450, 1.2098, 
Epoch: 250, Loss: 1.2098
Individual Losses: 1.3627, 1.2283, 1.1590, 1.1919, 1.2764, 1.1967, 1.2450, 1.2097, 
Epoch: 251, Loss: 1.2097
Individual Losses: 1.3627, 1.2283, 1.1590, 1.1919, 1.2763, 1.1966, 1.2450, 1.2097, 
Epoch: 252, Loss: 1.2097
Individual Losses: 1.3626, 1.2283, 1.1590, 1.1918, 1.2763, 1.1966, 1.2450, 1.2097, 
Epoch: 253, Loss: 1.2097
Individual Losses: 1.3626, 1.2283, 1.1589, 1.1918, 1.2762, 1.1965, 1.2450, 1.2097, 
Epoch: 254, Loss: 1.2097
Individual Losses: 1.3625, 1.2283, 1.1589, 1.1917, 1.2761, 1.1964, 1.2450, 1.2096, 
Epoch: 255, Loss: 1.2096
Individual Losses: 1.3625, 1.2283, 1.1589, 1.1916, 1.2760, 1.1964, 1.2450, 1.2096, 
Epoch: 256, Loss: 1.2096
Individual Losses: 1.3624, 1.2283, 1.1589, 1.1916, 1.2760, 1.1963, 1.2450, 1.2096, 
Epoch: 257, Loss: 1.2096
Individual Losses: 1.3624, 1.2283, 1.1588, 1.1915, 1.2759, 1.1963, 1.2450, 1.2095, 
Epoch: 258, Loss: 1.2095
Individual Losses: 1.3623, 1.2283, 1.1588, 1.1915, 1.2758, 1.1962, 1.2450, 1.2095, 
Epoch: 259, Loss: 1.2095
Individual Losses: 1.3623, 1.2283, 1.1588, 1.1914, 1.2758, 1.1961, 1.2450, 1.2095, 
Epoch: 260, Loss: 1.2095
Individual Losses: 1.3622, 1.2283, 1.1587, 1.1914, 1.2757, 1.1961, 1.2450, 1.2095, 
Epoch: 261, Loss: 1.2095
Individual Losses: 1.3622, 1.2283, 1.1587, 1.1913, 1.2756, 1.1960, 1.2450, 1.2094, 
Epoch: 262, Loss: 1.2094
Individual Losses: 1.3621, 1.2283, 1.1587, 1.1913, 1.2756, 1.1959, 1.2450, 1.2094, 
Epoch: 263, Loss: 1.2094
Individual Losses: 1.3621, 1.2283, 1.1587, 1.1912, 1.2755, 1.1959, 1.2450, 1.2094, 
Epoch: 264, Loss: 1.2094
Individual Losses: 1.3620, 1.2283, 1.1586, 1.1912, 1.2754, 1.1958, 1.2450, 1.2094, 
Epoch: 265, Loss: 1.2094
Individual Losses: 1.3620, 1.2283, 1.1586, 1.1911, 1.2754, 1.1958, 1.2450, 1.2093, 
Epoch: 266, Loss: 1.2093
Individual Losses: 1.3619, 1.2283, 1.1586, 1.1911, 1.2753, 1.1957, 1.2450, 1.2093, 
Epoch: 267, Loss: 1.2093
Individual Losses: 1.3619, 1.2283, 1.1585, 1.1910, 1.2752, 1.1956, 1.2450, 1.2093, 
Epoch: 268, Loss: 1.2093
Individual Losses: 1.3618, 1.2283, 1.1585, 1.1909, 1.2752, 1.1956, 1.2450, 1.2092, 
Epoch: 269, Loss: 1.2092
Individual Losses: 1.3618, 1.2283, 1.1585, 1.1909, 1.2751, 1.1955, 1.2450, 1.2092, 
Epoch: 270, Loss: 1.2092
Individual Losses: 1.3617, 1.2283, 1.1585, 1.1908, 1.2750, 1.1954, 1.2450, 1.2092, 
Epoch: 271, Loss: 1.2092
Individual Losses: 1.3617, 1.2283, 1.1584, 1.1908, 1.2749, 1.1954, 1.2450, 1.2092, 
Epoch: 272, Loss: 1.2092
Individual Losses: 1.3616, 1.2282, 1.1584, 1.1907, 1.2749, 1.1953, 1.2450, 1.2091, 
Epoch: 273, Loss: 1.2091
Individual Losses: 1.3616, 1.2282, 1.1584, 1.1907, 1.2748, 1.1953, 1.2450, 1.2091, 
Epoch: 274, Loss: 1.2091
Individual Losses: 1.3615, 1.2282, 1.1584, 1.1906, 1.2747, 1.1952, 1.2450, 1.2091, 
Epoch: 275, Loss: 1.2091
Individual Losses: 1.3615, 1.2282, 1.1583, 1.1906, 1.2747, 1.1951, 1.2449, 1.2091, 
Epoch: 276, Loss: 1.2091
Individual Losses: 1.3614, 1.2282, 1.1583, 1.1905, 1.2746, 1.1951, 1.2449, 1.2090, 
Epoch: 277, Loss: 1.2090
Individual Losses: 1.3614, 1.2282, 1.1583, 1.1905, 1.2745, 1.1950, 1.2449, 1.2090, 
Epoch: 278, Loss: 1.2090
Individual Losses: 1.3613, 1.2282, 1.1583, 1.1904, 1.2744, 1.1950, 1.2449, 1.2090, 
Epoch: 279, Loss: 1.2090
Individual Losses: 1.3613, 1.2282, 1.1582, 1.1904, 1.2744, 1.1949, 1.2449, 1.2089, 
Epoch: 280, Loss: 1.2089
Individual Losses: 1.3612, 1.2282, 1.1582, 1.1903, 1.2743, 1.1948, 1.2449, 1.2089, 
Epoch: 281, Loss: 1.2089
Individual Losses: 1.3612, 1.2282, 1.1582, 1.1903, 1.2742, 1.1948, 1.2449, 1.2089, 
Epoch: 282, Loss: 1.2089
Individual Losses: 1.3611, 1.2282, 1.1582, 1.1902, 1.2742, 1.1947, 1.2449, 1.2089, 
Epoch: 283, Loss: 1.2089
Individual Losses: 1.3611, 1.2282, 1.1581, 1.1901, 1.2741, 1.1947, 1.2449, 1.2088, 
Epoch: 284, Loss: 1.2088
Individual Losses: 1.3610, 1.2282, 1.1581, 1.1901, 1.2740, 1.1946, 1.2449, 1.2088, 
Epoch: 285, Loss: 1.2088
Individual Losses: 1.3610, 1.2282, 1.1581, 1.1900, 1.2739, 1.1945, 1.2448, 1.2088, 
Epoch: 286, Loss: 1.2088
Individual Losses: 1.3609, 1.2282, 1.1581, 1.1900, 1.2739, 1.1945, 1.2448, 1.2088, 
Epoch: 287, Loss: 1.2088
Individual Losses: 1.3609, 1.2282, 1.1580, 1.1899, 1.2738, 1.1944, 1.2448, 1.2087, 
Epoch: 288, Loss: 1.2087
Individual Losses: 1.3608, 1.2282, 1.1580, 1.1899, 1.2737, 1.1943, 1.2448, 1.2087, 
Epoch: 289, Loss: 1.2087
Individual Losses: 1.3608, 1.2282, 1.1580, 1.1898, 1.2736, 1.1943, 1.2448, 1.2087, 
Epoch: 290, Loss: 1.2087
Individual Losses: 1.3607, 1.2282, 1.1580, 1.1898, 1.2736, 1.1942, 1.2448, 1.2086, 
Epoch: 291, Loss: 1.2086
Individual Losses: 1.3606, 1.2281, 1.1579, 1.1897, 1.2735, 1.1942, 1.2448, 1.2086, 
Epoch: 292, Loss: 1.2086
Individual Losses: 1.3606, 1.2281, 1.1579, 1.1897, 1.2734, 1.1941, 1.2448, 1.2086, 
Epoch: 293, Loss: 1.2086
Individual Losses: 1.3605, 1.2281, 1.1579, 1.1896, 1.2733, 1.1940, 1.2448, 1.2086, 
Epoch: 294, Loss: 1.2086
Individual Losses: 1.3605, 1.2281, 1.1579, 1.1896, 1.2732, 1.1940, 1.2447, 1.2085, 
Epoch: 295, Loss: 1.2085
Individual Losses: 1.3604, 1.2281, 1.1579, 1.1895, 1.2732, 1.1939, 1.2447, 1.2085, 
Epoch: 296, Loss: 1.2085
Individual Losses: 1.3603, 1.2281, 1.1578, 1.1895, 1.2731, 1.1939, 1.2447, 1.2085, 
Epoch: 297, Loss: 1.2085
Individual Losses: 1.3603, 1.2281, 1.1578, 1.1894, 1.2730, 1.1938, 1.2447, 1.2084, 
Epoch: 298, Loss: 1.2084
Individual Losses: 1.3602, 1.2281, 1.1578, 1.1893, 1.2729, 1.1937, 1.2447, 1.2084, 
Epoch: 299, Loss: 1.2084
Individual Losses: 1.3602, 1.2281, 1.1578, 1.1893, 1.2729, 1.1937, 1.2447, 1.2084, 
Epoch: 300, Loss: 1.2084
Individual Losses: 1.3601, 1.2281, 1.1577, 1.1892, 1.2728, 1.1936, 1.2447, 1.2083, 
Epoch: 301, Loss: 1.2083
Individual Losses: 1.3600, 1.2281, 1.1577, 1.1892, 1.2727, 1.1936, 1.2447, 1.2083, 
Epoch: 302, Loss: 1.2083
Individual Losses: 1.3600, 1.2281, 1.1577, 1.1891, 1.2726, 1.1935, 1.2446, 1.2083, 
Epoch: 303, Loss: 1.2083
Individual Losses: 1.3599, 1.2281, 1.1577, 1.1891, 1.2725, 1.1934, 1.2446, 1.2083, 
Epoch: 304, Loss: 1.2083
Individual Losses: 1.3598, 1.2281, 1.1576, 1.1890, 1.2724, 1.1934, 1.2446, 1.2082, 
Epoch: 305, Loss: 1.2082
Individual Losses: 1.3598, 1.2281, 1.1576, 1.1890, 1.2724, 1.1933, 1.2446, 1.2082, 
Epoch: 306, Loss: 1.2082
Individual Losses: 1.3597, 1.2280, 1.1576, 1.1889, 1.2723, 1.1932, 1.2446, 1.2082, 
Epoch: 307, Loss: 1.2082
Individual Losses: 1.3596, 1.2280, 1.1576, 1.1888, 1.2722, 1.1932, 1.2446, 1.2081, 
Epoch: 308, Loss: 1.2081
Individual Losses: 1.3595, 1.2280, 1.1575, 1.1888, 1.2721, 1.1931, 1.2446, 1.2081, 
Epoch: 309, Loss: 1.2081
Individual Losses: 1.3594, 1.2280, 1.1575, 1.1887, 1.2720, 1.1931, 1.2446, 1.2081, 
Epoch: 310, Loss: 1.2081
Individual Losses: 1.3594, 1.2280, 1.1575, 1.1887, 1.2719, 1.1930, 1.2445, 1.2080, 
Epoch: 311, Loss: 1.2080
Individual Losses: 1.3593, 1.2280, 1.1574, 1.1886, 1.2718, 1.1929, 1.2445, 1.2080, 
Epoch: 312, Loss: 1.2080
Individual Losses: 1.3592, 1.2280, 1.1574, 1.1886, 1.2717, 1.1929, 1.2445, 1.2080, 
Epoch: 313, Loss: 1.2080
Individual Losses: 1.3591, 1.2280, 1.1574, 1.1885, 1.2717, 1.1928, 1.2445, 1.2079, 
Epoch: 314, Loss: 1.2079
Individual Losses: 1.3590, 1.2280, 1.1574, 1.1884, 1.2716, 1.1927, 1.2445, 1.2079, 
Epoch: 315, Loss: 1.2079
Individual Losses: 1.3589, 1.2280, 1.1573, 1.1884, 1.2715, 1.1927, 1.2445, 1.2078, 
Epoch: 316, Loss: 1.2078
Individual Losses: 1.3588, 1.2280, 1.1573, 1.1883, 1.2714, 1.1926, 1.2445, 1.2078, 
Epoch: 317, Loss: 1.2078
Individual Losses: 1.3587, 1.2280, 1.1573, 1.1882, 1.2713, 1.1925, 1.2445, 1.2078, 
Epoch: 318, Loss: 1.2078
Individual Losses: 1.3586, 1.2280, 1.1572, 1.1882, 1.2712, 1.1924, 1.2445, 1.2077, 
Epoch: 319, Loss: 1.2077
Individual Losses: 1.3585, 1.2280, 1.1572, 1.1881, 1.2711, 1.1924, 1.2444, 1.2077, 
Epoch: 320, Loss: 1.2077
Individual Losses: 1.3584, 1.2280, 1.1572, 1.1881, 1.2710, 1.1923, 1.2444, 1.2076, 
Epoch: 321, Loss: 1.2076
Individual Losses: 1.3583, 1.2280, 1.1571, 1.1880, 1.2709, 1.1922, 1.2444, 1.2076, 
Epoch: 322, Loss: 1.2076
Individual Losses: 1.3582, 1.2279, 1.1571, 1.1879, 1.2707, 1.1922, 1.2444, 1.2076, 
Epoch: 323, Loss: 1.2076
Individual Losses: 1.3581, 1.2279, 1.1571, 1.1878, 1.2706, 1.1921, 1.2444, 1.2075, 
Epoch: 324, Loss: 1.2075
Individual Losses: 1.3580, 1.2279, 1.1570, 1.1878, 1.2705, 1.1920, 1.2444, 1.2075, 
Epoch: 325, Loss: 1.2075
Individual Losses: 1.3579, 1.2279, 1.1570, 1.1877, 1.2704, 1.1919, 1.2444, 1.2074, 
Epoch: 326, Loss: 1.2074
Individual Losses: 1.3577, 1.2279, 1.1570, 1.1876, 1.2703, 1.1918, 1.2444, 1.2074, 
Epoch: 327, Loss: 1.2074
Individual Losses: 1.3576, 1.2279, 1.1569, 1.1876, 1.2702, 1.1918, 1.2444, 1.2073, 
Epoch: 328, Loss: 1.2073
Individual Losses: 1.3575, 1.2279, 1.1569, 1.1875, 1.2700, 1.1917, 1.2444, 1.2073, 
Epoch: 329, Loss: 1.2073
Individual Losses: 1.3573, 1.2279, 1.1568, 1.1874, 1.2699, 1.1916, 1.2444, 1.2072, 
Epoch: 330, Loss: 1.2072
Individual Losses: 1.3572, 1.2279, 1.1568, 1.1873, 1.2698, 1.1915, 1.2444, 1.2072, 
Epoch: 331, Loss: 1.2072
Individual Losses: 1.3571, 1.2279, 1.1568, 1.1873, 1.2696, 1.1914, 1.2444, 1.2071, 
Epoch: 332, Loss: 1.2071
Individual Losses: 1.3569, 1.2279, 1.1567, 1.1872, 1.2695, 1.1913, 1.2444, 1.2070, 
Epoch: 333, Loss: 1.2070
Individual Losses: 1.3567, 1.2279, 1.1567, 1.1871, 1.2693, 1.1912, 1.2443, 1.2070, 
Epoch: 334, Loss: 1.2070
Individual Losses: 1.3566, 1.2279, 1.1566, 1.1870, 1.2692, 1.1912, 1.2443, 1.2069, 
Epoch: 335, Loss: 1.2069
Individual Losses: 1.3564, 1.2279, 1.1566, 1.1869, 1.2690, 1.1911, 1.2443, 1.2069, 
Epoch: 336, Loss: 1.2069
Individual Losses: 1.3563, 1.2279, 1.1565, 1.1868, 1.2688, 1.1910, 1.2443, 1.2068, 
Epoch: 337, Loss: 1.2068
Individual Losses: 1.3561, 1.2280, 1.1565, 1.1868, 1.2687, 1.1909, 1.2444, 1.2067, 
Epoch: 338, Loss: 1.2067
Individual Losses: 1.3559, 1.2280, 1.1564, 1.1867, 1.2685, 1.1908, 1.2444, 1.2066, 
Epoch: 339, Loss: 1.2066
Individual Losses: 1.3557, 1.2280, 1.1564, 1.1866, 1.2683, 1.1907, 1.2444, 1.2066, 
Epoch: 340, Loss: 1.2066
Individual Losses: 1.3555, 1.2280, 1.1563, 1.1865, 1.2681, 1.1906, 1.2444, 1.2065, 
Epoch: 341, Loss: 1.2065
Individual Losses: 1.3553, 1.2280, 1.1563, 1.1864, 1.2679, 1.1905, 1.2444, 1.2064, 
Epoch: 342, Loss: 1.2064
Individual Losses: 1.3551, 1.2280, 1.1562, 1.1863, 1.2677, 1.1903, 1.2444, 1.2063, 
Epoch: 343, Loss: 1.2063
Individual Losses: 1.3549, 1.2281, 1.1562, 1.1862, 1.2674, 1.1902, 1.2444, 1.2062, 
Epoch: 344, Loss: 1.2062
Individual Losses: 1.3547, 1.2281, 1.1561, 1.1861, 1.2672, 1.1901, 1.2444, 1.2062, 
Epoch: 345, Loss: 1.2062
Individual Losses: 1.3544, 1.2281, 1.1561, 1.1860, 1.2670, 1.1900, 1.2444, 1.2061, 
Epoch: 346, Loss: 1.2061
Individual Losses: 1.3542, 1.2282, 1.1560, 1.1859, 1.2667, 1.1899, 1.2445, 1.2060, 
Epoch: 347, Loss: 1.2060
Individual Losses: 1.3539, 1.2282, 1.1560, 1.1858, 1.2664, 1.1898, 1.2445, 1.2059, 
Epoch: 348, Loss: 1.2059
Individual Losses: 1.3537, 1.2283, 1.1559, 1.1856, 1.2661, 1.1896, 1.2445, 1.2058, 
Epoch: 349, Loss: 1.2058
Individual Losses: 1.3534, 1.2283, 1.1559, 1.1855, 1.2659, 1.1895, 1.2446, 1.2057, 
Epoch: 350, Loss: 1.2057
Individual Losses: 1.3531, 1.2284, 1.1558, 1.1854, 1.2655, 1.1894, 1.2446, 1.2056, 
Epoch: 351, Loss: 1.2056
Individual Losses: 1.3528, 1.2284, 1.1558, 1.1853, 1.2652, 1.1893, 1.2446, 1.2054, 
Epoch: 352, Loss: 1.2054
Individual Losses: 1.3525, 1.2285, 1.1558, 1.1852, 1.2649, 1.1891, 1.2447, 1.2053, 
Epoch: 353, Loss: 1.2053
Individual Losses: 1.3522, 1.2286, 1.1557, 1.1850, 1.2645, 1.1890, 1.2447, 1.2052, 
Epoch: 354, Loss: 1.2052
Individual Losses: 1.3519, 1.2287, 1.1557, 1.1849, 1.2641, 1.1888, 1.2448, 1.2051, 
Epoch: 355, Loss: 1.2051
Individual Losses: 1.3515, 1.2288, 1.1556, 1.1848, 1.2637, 1.1887, 1.2449, 1.2049, 
Epoch: 356, Loss: 1.2049
Individual Losses: 1.3512, 1.2289, 1.1556, 1.1846, 1.2633, 1.1886, 1.2449, 1.2048, 
Epoch: 357, Loss: 1.2048
Individual Losses: 1.3508, 1.2291, 1.1556, 1.1845, 1.2629, 1.1884, 1.2450, 1.2046, 
Epoch: 358, Loss: 1.2046
Individual Losses: 1.3504, 1.2292, 1.1555, 1.1843, 1.2624, 1.1883, 1.2451, 1.2045, 
Epoch: 359, Loss: 1.2045
Individual Losses: 1.3500, 1.2293, 1.1555, 1.1841, 1.2619, 1.1881, 1.2452, 1.2043, 
Epoch: 360, Loss: 1.2043
Individual Losses: 1.3496, 1.2295, 1.1555, 1.1840, 1.2614, 1.1880, 1.2453, 1.2042, 
Epoch: 361, Loss: 1.2042
Individual Losses: 1.3491, 1.2297, 1.1555, 1.1838, 1.2609, 1.1878, 1.2454, 1.2040, 
Epoch: 362, Loss: 1.2040
Individual Losses: 1.3487, 1.2299, 1.1555, 1.1836, 1.2603, 1.1876, 1.2456, 1.2038, 
Epoch: 363, Loss: 1.2038
Individual Losses: 1.3482, 1.2301, 1.1555, 1.1835, 1.2597, 1.1875, 1.2457, 1.2036, 
Epoch: 364, Loss: 1.2036
Individual Losses: 1.3477, 1.2304, 1.1554, 1.1833, 1.2591, 1.1873, 1.2458, 1.2034, 
Epoch: 365, Loss: 1.2034
Individual Losses: 1.3472, 1.2306, 1.1554, 1.1831, 1.2584, 1.1872, 1.2460, 1.2032, 
Epoch: 366, Loss: 1.2032
Individual Losses: 1.3467, 1.2309, 1.1555, 1.1829, 1.2577, 1.1870, 1.2462, 1.2030, 
Epoch: 367, Loss: 1.2030
Individual Losses: 1.3462, 1.2312, 1.1555, 1.1826, 1.2570, 1.1869, 1.2464, 1.2028, 
Epoch: 368, Loss: 1.2028
Individual Losses: 1.3456, 1.2315, 1.1555, 1.1824, 1.2562, 1.1867, 1.2466, 1.2025, 
Epoch: 369, Loss: 1.2025
Individual Losses: 1.3451, 1.2319, 1.1555, 1.1822, 1.2554, 1.1865, 1.2468, 1.2023, 
Epoch: 370, Loss: 1.2023
Individual Losses: 1.3445, 1.2322, 1.1555, 1.1819, 1.2546, 1.1864, 1.2470, 1.2020, 
Epoch: 371, Loss: 1.2020
Individual Losses: 1.3440, 1.2326, 1.1556, 1.1817, 1.2538, 1.1862, 1.2473, 1.2018, 
Epoch: 372, Loss: 1.2018
Individual Losses: 1.3434, 1.2330, 1.1556, 1.1814, 1.2529, 1.1861, 1.2476, 1.2015, 
Epoch: 373, Loss: 1.2015
Individual Losses: 1.3429, 1.2334, 1.1556, 1.1812, 1.2520, 1.1859, 1.2479, 1.2012, 
Epoch: 374, Loss: 1.2012
Individual Losses: 1.3423, 1.2339, 1.1557, 1.1809, 1.2510, 1.1857, 1.2482, 1.2009, 
Epoch: 375, Loss: 1.2009
Individual Losses: 1.3418, 1.2343, 1.1558, 1.1806, 1.2500, 1.1856, 1.2485, 1.2007, 
Epoch: 376, Loss: 1.2007
Individual Losses: 1.3413, 1.2348, 1.1558, 1.1804, 1.2490, 1.1854, 1.2489, 1.2004, 
Epoch: 377, Loss: 1.2004
Individual Losses: 1.3408, 1.2352, 1.1559, 1.1801, 1.2479, 1.1852, 1.2492, 1.2001, 
Epoch: 378, Loss: 1.2001
Individual Losses: 1.3403, 1.2357, 1.1560, 1.1799, 1.2468, 1.1850, 1.2496, 1.1998, 
Epoch: 379, Loss: 1.1998
Individual Losses: 1.3399, 1.2362, 1.1561, 1.1796, 1.2457, 1.1848, 1.2501, 1.1995, 
Epoch: 380, Loss: 1.1995
Individual Losses: 1.3395, 1.2366, 1.1563, 1.1794, 1.2445, 1.1846, 1.2505, 1.1993, 
Epoch: 381, Loss: 1.1993
Individual Losses: 1.3391, 1.2370, 1.1564, 1.1792, 1.2434, 1.1843, 1.2509, 1.1990, 
Epoch: 382, Loss: 1.1990
Individual Losses: 1.3387, 1.2375, 1.1566, 1.1790, 1.2422, 1.1841, 1.2514, 1.1988, 
Epoch: 383, Loss: 1.1988
Individual Losses: 1.3385, 1.2378, 1.1567, 1.1788, 1.2410, 1.1838, 1.2519, 1.1986, 
Epoch: 384, Loss: 1.1986
Individual Losses: 1.3382, 1.2382, 1.1569, 1.1787, 1.2398, 1.1834, 1.2524, 1.1984, 
Epoch: 385, Loss: 1.1984
Individual Losses: 1.3380, 1.2385, 1.1571, 1.1785, 1.2386, 1.1831, 1.2529, 1.1983, 
Epoch: 386, Loss: 1.1983
Individual Losses: 1.3379, 1.2387, 1.1572, 1.1785, 1.2374, 1.1827, 1.2534, 1.1982, 
Epoch: 387, Loss: 1.1982
Individual Losses: 1.3378, 1.2389, 1.1573, 1.1784, 1.2362, 1.1822, 1.2538, 1.1981, 
Epoch: 388, Loss: 1.1981
Individual Losses: 1.3379, 1.2390, 1.1574, 1.1784, 1.2351, 1.1817, 1.2542, 1.1981, 
Epoch: 389, Loss: 1.1981
Individual Losses: 1.3379, 1.2391, 1.1574, 1.1784, 1.2341, 1.1812, 1.2546, 1.1981, 
Epoch: 390, Loss: 1.1981
Individual Losses: 1.3381, 1.2391, 1.1573, 1.1784, 1.2331, 1.1806, 1.2549, 1.1980, 
Epoch: 391, Loss: 1.1980
Individual Losses: 1.3383, 1.2390, 1.1572, 1.1783, 1.2321, 1.1800, 1.2551, 1.1980, 
Epoch: 392, Loss: 1.1980
Individual Losses: 1.3386, 1.2390, 1.1569, 1.1783, 1.2313, 1.1795, 1.2553, 1.1980, 
Epoch: 393, Loss: 1.1980
Individual Losses: 1.3389, 1.2389, 1.1566, 1.1781, 1.2305, 1.1789, 1.2554, 1.1979, 
Epoch: 394, Loss: 1.1979
Individual Losses: 1.3392, 1.2388, 1.1562, 1.1779, 1.2297, 1.1784, 1.2554, 1.1977, 
Epoch: 395, Loss: 1.1977
Individual Losses: 1.3395, 1.2388, 1.1558, 1.1777, 1.2290, 1.1780, 1.2554, 1.1975, 
Epoch: 396, Loss: 1.1975
Individual Losses: 1.3398, 1.2388, 1.1553, 1.1773, 1.2282, 1.1775, 1.2555, 1.1973, 
Epoch: 397, Loss: 1.1973
Individual Losses: 1.3400, 1.2388, 1.1549, 1.1770, 1.2275, 1.1772, 1.2555, 1.1970, 
Epoch: 398, Loss: 1.1970
Individual Losses: 1.3402, 1.2389, 1.1545, 1.1765, 1.2268, 1.1768, 1.2555, 1.1968, 
Epoch: 399, Loss: 1.1968
Individual Losses: 1.3403, 1.2390, 1.1540, 1.1761, 1.2262, 1.1765, 1.2556, 1.1965, 
Epoch: 400, Loss: 1.1965
Individual Losses: 1.3404, 1.2392, 1.1537, 1.1757, 1.2255, 1.1762, 1.2557, 1.1962, 
Epoch: 401, Loss: 1.1962
Individual Losses: 1.3405, 1.2394, 1.1533, 1.1753, 1.2248, 1.1760, 1.2558, 1.1959, 
Epoch: 402, Loss: 1.1959
Individual Losses: 1.3406, 1.2396, 1.1530, 1.1748, 1.2241, 1.1757, 1.2560, 1.1957, 
Epoch: 403, Loss: 1.1957
Individual Losses: 1.3407, 1.2398, 1.1527, 1.1744, 1.2235, 1.1755, 1.2561, 1.1954, 
Epoch: 404, Loss: 1.1954
Individual Losses: 1.3408, 1.2400, 1.1524, 1.1740, 1.2229, 1.1753, 1.2562, 1.1952, 
Epoch: 405, Loss: 1.1952
Individual Losses: 1.3408, 1.2402, 1.1521, 1.1736, 1.2223, 1.1751, 1.2564, 1.1950, 
Epoch: 406, Loss: 1.1950
Individual Losses: 1.3409, 1.2404, 1.1519, 1.1732, 1.2217, 1.1749, 1.2565, 1.1947, 
Epoch: 407, Loss: 1.1947
Individual Losses: 1.3410, 1.2406, 1.1516, 1.1728, 1.2211, 1.1747, 1.2566, 1.1945, 
Epoch: 408, Loss: 1.1945
Individual Losses: 1.3411, 1.2408, 1.1513, 1.1724, 1.2206, 1.1745, 1.2567, 1.1943, 
Epoch: 409, Loss: 1.1943
Individual Losses: 1.3412, 1.2410, 1.1510, 1.1720, 1.2201, 1.1744, 1.2568, 1.1940, 
Epoch: 410, Loss: 1.1940
Individual Losses: 1.3413, 1.2411, 1.1507, 1.1715, 1.2195, 1.1742, 1.2569, 1.1938, 
Epoch: 411, Loss: 1.1938
Individual Losses: 1.3414, 1.2413, 1.1504, 1.1711, 1.2190, 1.1740, 1.2569, 1.1936, 
Epoch: 412, Loss: 1.1936
Individual Losses: 1.3415, 1.2415, 1.1501, 1.1706, 1.2185, 1.1739, 1.2570, 1.1933, 
Epoch: 413, Loss: 1.1933
Individual Losses: 1.3416, 1.2417, 1.1498, 1.1702, 1.2180, 1.1737, 1.2570, 1.1931, 
Epoch: 414, Loss: 1.1931
Individual Losses: 1.3417, 1.2419, 1.1495, 1.1697, 1.2176, 1.1736, 1.2571, 1.1928, 
Epoch: 415, Loss: 1.1928
Individual Losses: 1.3417, 1.2421, 1.1492, 1.1693, 1.2171, 1.1735, 1.2571, 1.1926, 
Epoch: 416, Loss: 1.1926
Individual Losses: 1.3418, 1.2422, 1.1489, 1.1688, 1.2167, 1.1734, 1.2572, 1.1923, 
Epoch: 417, Loss: 1.1923
Individual Losses: 1.3419, 1.2424, 1.1486, 1.1684, 1.2162, 1.1732, 1.2572, 1.1921, 
Epoch: 418, Loss: 1.1921
Individual Losses: 1.3419, 1.2426, 1.1483, 1.1679, 1.2158, 1.1731, 1.2573, 1.1919, 
Epoch: 419, Loss: 1.1919
Individual Losses: 1.3420, 1.2427, 1.1481, 1.1674, 1.2153, 1.1730, 1.2573, 1.1916, 
Epoch: 420, Loss: 1.1916
Individual Losses: 1.3421, 1.2429, 1.1478, 1.1670, 1.2149, 1.1729, 1.2573, 1.1914, 
Epoch: 421, Loss: 1.1914
Individual Losses: 1.3421, 1.2431, 1.1475, 1.1665, 1.2145, 1.1728, 1.2573, 1.1912, 
Epoch: 422, Loss: 1.1912
Individual Losses: 1.3422, 1.2432, 1.1473, 1.1661, 1.2141, 1.1727, 1.2573, 1.1910, 
Epoch: 423, Loss: 1.1910
Individual Losses: 1.3422, 1.2434, 1.1470, 1.1656, 1.2137, 1.1726, 1.2574, 1.1908, 
Epoch: 424, Loss: 1.1908
Individual Losses: 1.3423, 1.2435, 1.1467, 1.1652, 1.2133, 1.1725, 1.2574, 1.1905, 
Epoch: 425, Loss: 1.1905
Individual Losses: 1.3423, 1.2437, 1.1465, 1.1647, 1.2130, 1.1724, 1.2574, 1.1903, 
Epoch: 426, Loss: 1.1903
Individual Losses: 1.3424, 1.2438, 1.1462, 1.1642, 1.2126, 1.1724, 1.2574, 1.1901, 
Epoch: 427, Loss: 1.1901
Individual Losses: 1.3424, 1.2440, 1.1460, 1.1638, 1.2122, 1.1723, 1.2573, 1.1899, 
Epoch: 428, Loss: 1.1899
Individual Losses: 1.3425, 1.2441, 1.1457, 1.1633, 1.2119, 1.1722, 1.2573, 1.1897, 
Epoch: 429, Loss: 1.1897
Individual Losses: 1.3425, 1.2442, 1.1455, 1.1629, 1.2115, 1.1721, 1.2573, 1.1895, 
Epoch: 430, Loss: 1.1895
Individual Losses: 1.3426, 1.2444, 1.1452, 1.1624, 1.2112, 1.1721, 1.2573, 1.1893, 
Epoch: 431, Loss: 1.1893
Individual Losses: 1.3426, 1.2445, 1.1450, 1.1620, 1.2108, 1.1720, 1.2573, 1.1891, 
Epoch: 432, Loss: 1.1891
Individual Losses: 1.3427, 1.2446, 1.1447, 1.1615, 1.2105, 1.1719, 1.2572, 1.1889, 
Epoch: 433, Loss: 1.1889
Individual Losses: 1.3427, 1.2447, 1.1445, 1.1611, 1.2102, 1.1719, 1.2572, 1.1888, 
Epoch: 434, Loss: 1.1888
Individual Losses: 1.3427, 1.2448, 1.1443, 1.1606, 1.2099, 1.1718, 1.2572, 1.1886, 
Epoch: 435, Loss: 1.1886
Individual Losses: 1.3428, 1.2449, 1.1440, 1.1602, 1.2095, 1.1717, 1.2571, 1.1884, 
Epoch: 436, Loss: 1.1884
Individual Losses: 1.3428, 1.2451, 1.1438, 1.1598, 1.2092, 1.1717, 1.2571, 1.1882, 
Epoch: 437, Loss: 1.1882
Individual Losses: 1.3429, 1.2452, 1.1436, 1.1593, 1.2089, 1.1716, 1.2570, 1.1880, 
Epoch: 438, Loss: 1.1880
Individual Losses: 1.3429, 1.2453, 1.1434, 1.1589, 1.2086, 1.1716, 1.2570, 1.1879, 
Epoch: 439, Loss: 1.1879
Individual Losses: 1.3430, 1.2454, 1.1431, 1.1584, 1.2083, 1.1715, 1.2569, 1.1877, 
Epoch: 440, Loss: 1.1877
Individual Losses: 1.3430, 1.2455, 1.1429, 1.1580, 1.2080, 1.1715, 1.2569, 1.1875, 
Epoch: 441, Loss: 1.1875
Individual Losses: 1.3430, 1.2456, 1.1427, 1.1576, 1.2077, 1.1714, 1.2568, 1.1873, 
Epoch: 442, Loss: 1.1873
Individual Losses: 1.3431, 1.2456, 1.1425, 1.1571, 1.2075, 1.1714, 1.2567, 1.1872, 
Epoch: 443, Loss: 1.1872
Individual Losses: 1.3431, 1.2457, 1.1423, 1.1567, 1.2072, 1.1713, 1.2567, 1.1870, 
Epoch: 444, Loss: 1.1870
Individual Losses: 1.3432, 1.2458, 1.1421, 1.1563, 1.2069, 1.1713, 1.2566, 1.1869, 
Epoch: 445, Loss: 1.1869
Individual Losses: 1.3432, 1.2459, 1.1419, 1.1558, 1.2066, 1.1712, 1.2565, 1.1867, 
Epoch: 446, Loss: 1.1867
Individual Losses: 1.3433, 1.2460, 1.1417, 1.1554, 1.2064, 1.1712, 1.2564, 1.1865, 
Epoch: 447, Loss: 1.1865
Individual Losses: 1.3433, 1.2460, 1.1414, 1.1550, 1.2061, 1.1711, 1.2564, 1.1864, 
Epoch: 448, Loss: 1.1864
Individual Losses: 1.3433, 1.2461, 1.1412, 1.1545, 1.2058, 1.1711, 1.2563, 1.1862, 
Epoch: 449, Loss: 1.1862
Individual Losses: 1.3434, 1.2462, 1.1410, 1.1541, 1.2056, 1.1710, 1.2562, 1.1861, 
Epoch: 450, Loss: 1.1861
Individual Losses: 1.3434, 1.2463, 1.1408, 1.1537, 1.2053, 1.1710, 1.2561, 1.1859, 
Epoch: 451, Loss: 1.1859
Individual Losses: 1.3435, 1.2463, 1.1406, 1.1533, 1.2051, 1.1709, 1.2560, 1.1858, 
Epoch: 452, Loss: 1.1858
Individual Losses: 1.3435, 1.2464, 1.1405, 1.1528, 1.2048, 1.1709, 1.2559, 1.1856, 
Epoch: 453, Loss: 1.1856
Individual Losses: 1.3436, 1.2464, 1.1403, 1.1524, 1.2046, 1.1709, 1.2558, 1.1855, 
Epoch: 454, Loss: 1.1855
Individual Losses: 1.3436, 1.2465, 1.1401, 1.1520, 1.2043, 1.1708, 1.2557, 1.1853, 
Epoch: 455, Loss: 1.1853
Individual Losses: 1.3437, 1.2466, 1.1399, 1.1516, 1.2041, 1.1708, 1.2556, 1.1852, 
Epoch: 456, Loss: 1.1852
Individual Losses: 1.3437, 1.2466, 1.1397, 1.1512, 1.2038, 1.1707, 1.2555, 1.1850, 
Epoch: 457, Loss: 1.1850
Individual Losses: 1.3438, 1.2467, 1.1395, 1.1507, 1.2036, 1.1707, 1.2554, 1.1849, 
Epoch: 458, Loss: 1.1849
Individual Losses: 1.3438, 1.2467, 1.1393, 1.1503, 1.2033, 1.1707, 1.2553, 1.1848, 
Epoch: 459, Loss: 1.1848
Individual Losses: 1.3439, 1.2468, 1.1391, 1.1499, 1.2031, 1.1706, 1.2551, 1.1846, 
Epoch: 460, Loss: 1.1846
Individual Losses: 1.3440, 1.2468, 1.1389, 1.1495, 1.2029, 1.1706, 1.2550, 1.1845, 
Epoch: 461, Loss: 1.1845
Individual Losses: 1.3440, 1.2469, 1.1388, 1.1491, 1.2026, 1.1705, 1.2549, 1.1844, 
Epoch: 462, Loss: 1.1844
Individual Losses: 1.3441, 1.2469, 1.1386, 1.1487, 1.2024, 1.1705, 1.2548, 1.1842, 
Epoch: 463, Loss: 1.1842
Individual Losses: 1.3441, 1.2469, 1.1384, 1.1483, 1.2022, 1.1705, 1.2546, 1.1841, 
Epoch: 464, Loss: 1.1841
Individual Losses: 1.3442, 1.2470, 1.1382, 1.1479, 1.2020, 1.1704, 1.2545, 1.1840, 
Epoch: 465, Loss: 1.1840
Individual Losses: 1.3443, 1.2470, 1.1380, 1.1475, 1.2017, 1.1704, 1.2544, 1.1838, 
Epoch: 466, Loss: 1.1838
Individual Losses: 1.3443, 1.2470, 1.1379, 1.1470, 1.2015, 1.1703, 1.2543, 1.1837, 
Epoch: 467, Loss: 1.1837
Individual Losses: 1.3444, 1.2471, 1.1377, 1.1466, 1.2013, 1.1703, 1.2541, 1.1836, 
Epoch: 468, Loss: 1.1836
Individual Losses: 1.3445, 1.2471, 1.1375, 1.1462, 1.2011, 1.1703, 1.2540, 1.1834, 
Epoch: 469, Loss: 1.1834
Individual Losses: 1.3445, 1.2471, 1.1374, 1.1458, 1.2009, 1.1702, 1.2538, 1.1833, 
Epoch: 470, Loss: 1.1833
Individual Losses: 1.3446, 1.2472, 1.1372, 1.1454, 1.2006, 1.1702, 1.2537, 1.1832, 
Epoch: 471, Loss: 1.1832
Individual Losses: 1.3447, 1.2472, 1.1370, 1.1450, 1.2004, 1.1702, 1.2535, 1.1830, 
Epoch: 472, Loss: 1.1830
Individual Losses: 1.3447, 1.2472, 1.1368, 1.1446, 1.2002, 1.1701, 1.2534, 1.1829, 
Epoch: 473, Loss: 1.1829
Individual Losses: 1.3448, 1.2472, 1.1367, 1.1442, 1.2000, 1.1701, 1.2532, 1.1828, 
Epoch: 474, Loss: 1.1828
Individual Losses: 1.3449, 1.2472, 1.1365, 1.1438, 1.1998, 1.1700, 1.2531, 1.1827, 
Epoch: 475, Loss: 1.1827
Individual Losses: 1.3450, 1.2473, 1.1363, 1.1434, 1.1996, 1.1700, 1.2529, 1.1826, 
Epoch: 476, Loss: 1.1826
Individual Losses: 1.3450, 1.2473, 1.1362, 1.1430, 1.1994, 1.1700, 1.2528, 1.1824, 
Epoch: 477, Loss: 1.1824
Individual Losses: 1.3451, 1.2473, 1.1360, 1.1426, 1.1992, 1.1699, 1.2526, 1.1823, 
Epoch: 478, Loss: 1.1823
Individual Losses: 1.3452, 1.2473, 1.1358, 1.1422, 1.1990, 1.1699, 1.2524, 1.1822, 
Epoch: 479, Loss: 1.1822
Individual Losses: 1.3453, 1.2473, 1.1357, 1.1418, 1.1987, 1.1698, 1.2523, 1.1821, 
Epoch: 480, Loss: 1.1821
Individual Losses: 1.3454, 1.2473, 1.1355, 1.1414, 1.1985, 1.1698, 1.2521, 1.1819, 
Epoch: 481, Loss: 1.1819
Individual Losses: 1.3454, 1.2473, 1.1354, 1.1410, 1.1983, 1.1698, 1.2519, 1.1818, 
Epoch: 482, Loss: 1.1818
Individual Losses: 1.3455, 1.2473, 1.1352, 1.1406, 1.1981, 1.1697, 1.2518, 1.1817, 
Epoch: 483, Loss: 1.1817
Individual Losses: 1.3456, 1.2473, 1.1350, 1.1402, 1.1979, 1.1697, 1.2516, 1.1816, 
Epoch: 484, Loss: 1.1816
Individual Losses: 1.3457, 1.2473, 1.1349, 1.1398, 1.1977, 1.1696, 1.2514, 1.1815, 
Epoch: 485, Loss: 1.1815
Individual Losses: 1.3458, 1.2473, 1.1347, 1.1394, 1.1975, 1.1696, 1.2512, 1.1814, 
Epoch: 486, Loss: 1.1814
Individual Losses: 1.3459, 1.2473, 1.1345, 1.1390, 1.1973, 1.1695, 1.2510, 1.1812, 
Epoch: 487, Loss: 1.1812
Individual Losses: 1.3459, 1.2473, 1.1344, 1.1386, 1.1971, 1.1695, 1.2508, 1.1811, 
Epoch: 488, Loss: 1.1811
Individual Losses: 1.3460, 1.2473, 1.1342, 1.1382, 1.1970, 1.1694, 1.2507, 1.1810, 
Epoch: 489, Loss: 1.1810
Individual Losses: 1.3461, 1.2472, 1.1341, 1.1378, 1.1968, 1.1694, 1.2505, 1.1809, 
Epoch: 490, Loss: 1.1809
Individual Losses: 1.3462, 1.2472, 1.1339, 1.1374, 1.1966, 1.1693, 1.2503, 1.1808, 
Epoch: 491, Loss: 1.1808
Individual Losses: 1.3463, 1.2472, 1.1337, 1.1370, 1.1964, 1.1693, 1.2501, 1.1807, 
Epoch: 492, Loss: 1.1807
Individual Losses: 1.3464, 1.2472, 1.1336, 1.1366, 1.1962, 1.1692, 1.2499, 1.1805, 
Epoch: 493, Loss: 1.1805
Individual Losses: 1.3465, 1.2472, 1.1334, 1.1362, 1.1960, 1.1692, 1.2497, 1.1804, 
Epoch: 494, Loss: 1.1804
Individual Losses: 1.3466, 1.2471, 1.1332, 1.1358, 1.1958, 1.1691, 1.2494, 1.1803, 
Epoch: 495, Loss: 1.1803
Individual Losses: 1.3466, 1.2471, 1.1331, 1.1354, 1.1956, 1.1691, 1.2492, 1.1802, 
Epoch: 496, Loss: 1.1802
Individual Losses: 1.3467, 1.2471, 1.1329, 1.1350, 1.1954, 1.1690, 1.2490, 1.1801, 
Epoch: 497, Loss: 1.1801
Individual Losses: 1.3468, 1.2470, 1.1328, 1.1346, 1.1952, 1.1690, 1.2488, 1.1800, 
Epoch: 498, Loss: 1.1800
Individual Losses: 1.3469, 1.2470, 1.1326, 1.1342, 1.1950, 1.1689, 1.2486, 1.1799, 
Epoch: 499, Loss: 1.1799
Individual Losses: 1.3470, 1.2470, 1.1324, 1.1338, 1.1949, 1.1689, 1.2484, 1.1798, 
Epoch: 500, Loss: 1.1798
Individual Losses: 1.3471, 1.2469, 1.1323, 1.1334, 1.1947, 1.1688, 1.2481, 1.1796, 
Epoch: 501, Loss: 1.1796
Individual Losses: 1.3472, 1.2469, 1.1321, 1.1330, 1.1945, 1.1687, 1.2479, 1.1795, 
Epoch: 502, Loss: 1.1795
Individual Losses: 1.3472, 1.2468, 1.1319, 1.1326, 1.1943, 1.1687, 1.2477, 1.1794, 
Epoch: 503, Loss: 1.1794
Individual Losses: 1.3473, 1.2468, 1.1318, 1.1322, 1.1941, 1.1686, 1.2474, 1.1793, 
Epoch: 504, Loss: 1.1793
Individual Losses: 1.3474, 1.2467, 1.1316, 1.1318, 1.1940, 1.1686, 1.2472, 1.1792, 
Epoch: 505, Loss: 1.1792
Individual Losses: 1.3474, 1.2467, 1.1314, 1.1314, 1.1938, 1.1685, 1.2470, 1.1791, 
Epoch: 506, Loss: 1.1791
Individual Losses: 1.3475, 1.2466, 1.1313, 1.1309, 1.1936, 1.1684, 1.2467, 1.1790, 
Epoch: 507, Loss: 1.1790
Individual Losses: 1.3476, 1.2466, 1.1311, 1.1305, 1.1934, 1.1684, 1.2465, 1.1789, 
Epoch: 508, Loss: 1.1789
Individual Losses: 1.3476, 1.2465, 1.1309, 1.1301, 1.1933, 1.1683, 1.2462, 1.1787, 
Epoch: 509, Loss: 1.1787
Individual Losses: 1.3477, 1.2464, 1.1308, 1.1297, 1.1931, 1.1682, 1.2460, 1.1786, 
Epoch: 510, Loss: 1.1786
Individual Losses: 1.3477, 1.2464, 1.1306, 1.1293, 1.1929, 1.1682, 1.2457, 1.1785, 
Epoch: 511, Loss: 1.1785
Individual Losses: 1.3478, 1.2463, 1.1304, 1.1289, 1.1927, 1.1681, 1.2455, 1.1784, 
Epoch: 512, Loss: 1.1784
Individual Losses: 1.3478, 1.2462, 1.1302, 1.1284, 1.1926, 1.1680, 1.2452, 1.1783, 
Epoch: 513, Loss: 1.1783
Individual Losses: 1.3479, 1.2461, 1.1301, 1.1280, 1.1924, 1.1679, 1.2450, 1.1782, 
Epoch: 514, Loss: 1.1782
Individual Losses: 1.3479, 1.2461, 1.1299, 1.1276, 1.1922, 1.1679, 1.2447, 1.1781, 
Epoch: 515, Loss: 1.1781
Individual Losses: 1.3479, 1.2460, 1.1297, 1.1272, 1.1921, 1.1678, 1.2444, 1.1779, 
Epoch: 516, Loss: 1.1779
Individual Losses: 1.3480, 1.2459, 1.1295, 1.1268, 1.1919, 1.1677, 1.2442, 1.1778, 
Epoch: 517, Loss: 1.1778
Individual Losses: 1.3480, 1.2458, 1.1293, 1.1263, 1.1918, 1.1676, 1.2439, 1.1777, 
Epoch: 518, Loss: 1.1777
Individual Losses: 1.3480, 1.2457, 1.1292, 1.1259, 1.1916, 1.1676, 1.2437, 1.1776, 
Epoch: 519, Loss: 1.1776
Individual Losses: 1.3480, 1.2457, 1.1290, 1.1255, 1.1914, 1.1675, 1.2434, 1.1775, 
Epoch: 520, Loss: 1.1775
Individual Losses: 1.3480, 1.2456, 1.1288, 1.1251, 1.1913, 1.1674, 1.2432, 1.1774, 
Epoch: 521, Loss: 1.1774
Individual Losses: 1.3480, 1.2455, 1.1286, 1.1246, 1.1911, 1.1673, 1.2429, 1.1772, 
Epoch: 522, Loss: 1.1772
Individual Losses: 1.3480, 1.2454, 1.1284, 1.1242, 1.1910, 1.1672, 1.2426, 1.1771, 
Epoch: 523, Loss: 1.1771
Individual Losses: 1.3480, 1.2453, 1.1282, 1.1238, 1.1908, 1.1672, 1.2424, 1.1770, 
Epoch: 524, Loss: 1.1770
Individual Losses: 1.3480, 1.2452, 1.1280, 1.1233, 1.1907, 1.1671, 1.2421, 1.1769, 
Epoch: 525, Loss: 1.1769
Individual Losses: 1.3479, 1.2451, 1.1278, 1.1229, 1.1905, 1.1670, 1.2419, 1.1768, 
Epoch: 526, Loss: 1.1768
Individual Losses: 1.3479, 1.2450, 1.1276, 1.1224, 1.1904, 1.1669, 1.2416, 1.1766, 
Epoch: 527, Loss: 1.1766
Individual Losses: 1.3478, 1.2449, 1.1274, 1.1220, 1.1903, 1.1668, 1.2413, 1.1765, 
Epoch: 528, Loss: 1.1765
Individual Losses: 1.3478, 1.2448, 1.1272, 1.1216, 1.1901, 1.1667, 1.2411, 1.1764, 
Epoch: 529, Loss: 1.1764
Individual Losses: 1.3477, 1.2447, 1.1270, 1.1211, 1.1900, 1.1666, 1.2408, 1.1763, 
Epoch: 530, Loss: 1.1763
Individual Losses: 1.3477, 1.2446, 1.1268, 1.1207, 1.1898, 1.1665, 1.2406, 1.1761, 
Epoch: 531, Loss: 1.1761
Individual Losses: 1.3476, 1.2446, 1.1266, 1.1202, 1.1897, 1.1665, 1.2403, 1.1760, 
Epoch: 532, Loss: 1.1760
Individual Losses: 1.3475, 1.2445, 1.1264, 1.1198, 1.1896, 1.1664, 1.2401, 1.1759, 
Epoch: 533, Loss: 1.1759
Individual Losses: 1.3474, 1.2444, 1.1261, 1.1193, 1.1895, 1.1663, 1.2398, 1.1757, 
Epoch: 534, Loss: 1.1757
Individual Losses: 1.3473, 1.2443, 1.1259, 1.1189, 1.1893, 1.1662, 1.2396, 1.1756, 
Epoch: 535, Loss: 1.1756
Individual Losses: 1.3472, 1.2442, 1.1257, 1.1184, 1.1892, 1.1661, 1.2393, 1.1755, 
Epoch: 536, Loss: 1.1755
Individual Losses: 1.3471, 1.2441, 1.1255, 1.1180, 1.1891, 1.1660, 1.2391, 1.1753, 
Epoch: 537, Loss: 1.1753
Individual Losses: 1.3470, 1.2440, 1.1252, 1.1175, 1.1890, 1.1659, 1.2388, 1.1752, 
Epoch: 538, Loss: 1.1752
Individual Losses: 1.3469, 1.2439, 1.1250, 1.1171, 1.1889, 1.1658, 1.2386, 1.1751, 
Epoch: 539, Loss: 1.1751
Individual Losses: 1.3468, 1.2438, 1.1248, 1.1166, 1.1887, 1.1657, 1.2384, 1.1749, 
Epoch: 540, Loss: 1.1749
Individual Losses: 1.3466, 1.2437, 1.1245, 1.1161, 1.1886, 1.1656, 1.2381, 1.1748, 
Epoch: 541, Loss: 1.1748
Individual Losses: 1.3465, 1.2435, 1.1243, 1.1157, 1.1885, 1.1655, 1.2379, 1.1747, 
Epoch: 542, Loss: 1.1747
Individual Losses: 1.3463, 1.2434, 1.1241, 1.1152, 1.1884, 1.1654, 1.2377, 1.1745, 
Epoch: 543, Loss: 1.1745
Individual Losses: 1.3461, 1.2433, 1.1238, 1.1148, 1.1883, 1.1653, 1.2374, 1.1744, 
Epoch: 544, Loss: 1.1744
Individual Losses: 1.3459, 1.2432, 1.1236, 1.1143, 1.1882, 1.1652, 1.2372, 1.1743, 
Epoch: 545, Loss: 1.1743
Individual Losses: 1.3458, 1.2431, 1.1233, 1.1138, 1.1881, 1.1651, 1.2370, 1.1741, 
Epoch: 546, Loss: 1.1741
Individual Losses: 1.3456, 1.2430, 1.1230, 1.1134, 1.1880, 1.1650, 1.2368, 1.1740, 
Epoch: 547, Loss: 1.1740
Individual Losses: 1.3454, 1.2429, 1.1228, 1.1129, 1.1879, 1.1649, 1.2365, 1.1738, 
Epoch: 548, Loss: 1.1738
Individual Losses: 1.3451, 1.2428, 1.1225, 1.1124, 1.1879, 1.1648, 1.2363, 1.1737, 
Epoch: 549, Loss: 1.1737
Individual Losses: 1.3449, 1.2427, 1.1223, 1.1119, 1.1878, 1.1647, 1.2361, 1.1735, 
Epoch: 550, Loss: 1.1735
Individual Losses: 1.3447, 1.2426, 1.1220, 1.1115, 1.1877, 1.1646, 1.2359, 1.1734, 
Epoch: 551, Loss: 1.1734
Individual Losses: 1.3444, 1.2425, 1.1217, 1.1110, 1.1876, 1.1645, 1.2357, 1.1732, 
Epoch: 552, Loss: 1.1732
Individual Losses: 1.3442, 1.2424, 1.1214, 1.1105, 1.1875, 1.1644, 1.2355, 1.1731, 
Epoch: 553, Loss: 1.1731
Individual Losses: 1.3439, 1.2423, 1.1212, 1.1100, 1.1875, 1.1643, 1.2352, 1.1729, 
Epoch: 554, Loss: 1.1729
Individual Losses: 1.3436, 1.2422, 1.1209, 1.1095, 1.1874, 1.1642, 1.2350, 1.1728, 
Epoch: 555, Loss: 1.1728
Individual Losses: 1.3433, 1.2421, 1.1206, 1.1091, 1.1873, 1.1641, 1.2348, 1.1727, 
Epoch: 556, Loss: 1.1727
Individual Losses: 1.3431, 1.2420, 1.1203, 1.1086, 1.1873, 1.1640, 1.2346, 1.1725, 
Epoch: 557, Loss: 1.1725
Individual Losses: 1.3427, 1.2419, 1.1200, 1.1081, 1.1872, 1.1639, 1.2344, 1.1724, 
Epoch: 558, Loss: 1.1724
Individual Losses: 1.3424, 1.2417, 1.1197, 1.1076, 1.1871, 1.1638, 1.2342, 1.1722, 
Epoch: 559, Loss: 1.1722
Individual Losses: 1.3421, 1.2416, 1.1195, 1.1071, 1.1871, 1.1637, 1.2340, 1.1720, 
Epoch: 560, Loss: 1.1720
Individual Losses: 1.3418, 1.2415, 1.1192, 1.1066, 1.1870, 1.1636, 1.2339, 1.1719, 
Epoch: 561, Loss: 1.1719
Individual Losses: 1.3414, 1.2414, 1.1189, 1.1061, 1.1870, 1.1635, 1.2337, 1.1717, 
Epoch: 562, Loss: 1.1717
Individual Losses: 1.3411, 1.2413, 1.1186, 1.1056, 1.1869, 1.1634, 1.2335, 1.1716, 
Epoch: 563, Loss: 1.1716
Individual Losses: 1.3407, 1.2412, 1.1183, 1.1052, 1.1869, 1.1633, 1.2333, 1.1714, 
Epoch: 564, Loss: 1.1714
Individual Losses: 1.3403, 1.2411, 1.1180, 1.1047, 1.1868, 1.1632, 1.2331, 1.1713, 
Epoch: 565, Loss: 1.1713
Individual Losses: 1.3400, 1.2410, 1.1176, 1.1042, 1.1868, 1.1631, 1.2329, 1.1711, 
Epoch: 566, Loss: 1.1711
Individual Losses: 1.3396, 1.2409, 1.1173, 1.1037, 1.1867, 1.1630, 1.2327, 1.1710, 
Epoch: 567, Loss: 1.1710
Individual Losses: 1.3392, 1.2408, 1.1170, 1.1032, 1.1867, 1.1629, 1.2326, 1.1708, 
Epoch: 568, Loss: 1.1708
Individual Losses: 1.3387, 1.2406, 1.1167, 1.1027, 1.1867, 1.1628, 1.2324, 1.1707, 
Epoch: 569, Loss: 1.1707
Individual Losses: 1.3383, 1.2405, 1.1164, 1.1022, 1.1866, 1.1627, 1.2322, 1.1705, 
Epoch: 570, Loss: 1.1705
Individual Losses: 1.3379, 1.2404, 1.1161, 1.1017, 1.1866, 1.1626, 1.2321, 1.1704, 
Epoch: 571, Loss: 1.1704
Individual Losses: 1.3374, 1.2403, 1.1158, 1.1012, 1.1866, 1.1625, 1.2319, 1.1702, 
Epoch: 572, Loss: 1.1702
Individual Losses: 1.3370, 1.2402, 1.1155, 1.1007, 1.1865, 1.1624, 1.2317, 1.1700, 
Epoch: 573, Loss: 1.1700
Individual Losses: 1.3365, 1.2401, 1.1151, 1.1002, 1.1865, 1.1624, 1.2316, 1.1699, 
Epoch: 574, Loss: 1.1699
Individual Losses: 1.3361, 1.2400, 1.1148, 1.0997, 1.1865, 1.1623, 1.2314, 1.1697, 
Epoch: 575, Loss: 1.1697
Individual Losses: 1.3356, 1.2399, 1.1145, 1.0992, 1.1864, 1.1622, 1.2312, 1.1696, 
Epoch: 576, Loss: 1.1696
Individual Losses: 1.3351, 1.2397, 1.1142, 1.0987, 1.1864, 1.1621, 1.2311, 1.1694, 
Epoch: 577, Loss: 1.1694
Individual Losses: 1.3346, 1.2396, 1.1139, 1.0982, 1.1864, 1.1620, 1.2309, 1.1693, 
Epoch: 578, Loss: 1.1693
Individual Losses: 1.3341, 1.2395, 1.1135, 1.0977, 1.1864, 1.1619, 1.2308, 1.1691, 
Epoch: 579, Loss: 1.1691
Individual Losses: 1.3336, 1.2394, 1.1132, 1.0972, 1.1864, 1.1618, 1.2306, 1.1690, 
Epoch: 580, Loss: 1.1690
Individual Losses: 1.3331, 1.2393, 1.1129, 1.0967, 1.1863, 1.1617, 1.2305, 1.1688, 
Epoch: 581, Loss: 1.1688
Individual Losses: 1.3326, 1.2392, 1.1126, 1.0962, 1.1863, 1.1616, 1.2303, 1.1687, 
Epoch: 582, Loss: 1.1687
Individual Losses: 1.3321, 1.2391, 1.1123, 1.0957, 1.1863, 1.1616, 1.2302, 1.1685, 
Epoch: 583, Loss: 1.1685
Individual Losses: 1.3315, 1.2390, 1.1119, 1.0952, 1.1863, 1.1615, 1.2300, 1.1684, 
Epoch: 584, Loss: 1.1684
Individual Losses: 1.3310, 1.2388, 1.1116, 1.0946, 1.1863, 1.1614, 1.2299, 1.1682, 
Epoch: 585, Loss: 1.1682
Individual Losses: 1.3304, 1.2387, 1.1113, 1.0941, 1.1863, 1.1613, 1.2298, 1.1681, 
Epoch: 586, Loss: 1.1681
Individual Losses: 1.3299, 1.2386, 1.1110, 1.0936, 1.1862, 1.1612, 1.2296, 1.1679, 
Epoch: 587, Loss: 1.1679
Individual Losses: 1.3293, 1.2385, 1.1106, 1.0931, 1.1862, 1.1612, 1.2295, 1.1678, 
Epoch: 588, Loss: 1.1678
Individual Losses: 1.3288, 1.2384, 1.1103, 1.0926, 1.1862, 1.1611, 1.2293, 1.1676, 
Epoch: 589, Loss: 1.1676
Individual Losses: 1.3282, 1.2383, 1.1100, 1.0921, 1.1862, 1.1610, 1.2292, 1.1675, 
Epoch: 590, Loss: 1.1675
Individual Losses: 1.3276, 1.2382, 1.1097, 1.0916, 1.1862, 1.1609, 1.2291, 1.1673, 
Epoch: 591, Loss: 1.1673
Individual Losses: 1.3271, 1.2381, 1.1094, 1.0911, 1.1862, 1.1609, 1.2289, 1.1672, 
Epoch: 592, Loss: 1.1672
Individual Losses: 1.3265, 1.2380, 1.1090, 1.0906, 1.1862, 1.1608, 1.2288, 1.1670, 
Epoch: 593, Loss: 1.1670
Individual Losses: 1.3259, 1.2379, 1.1087, 1.0901, 1.1862, 1.1607, 1.2287, 1.1669, 
Epoch: 594, Loss: 1.1669
Individual Losses: 1.3253, 1.2377, 1.1084, 1.0896, 1.1862, 1.1607, 1.2286, 1.1667, 
Epoch: 595, Loss: 1.1667
Individual Losses: 1.3247, 1.2376, 1.1081, 1.0891, 1.1862, 1.1606, 1.2284, 1.1666, 
Epoch: 596, Loss: 1.1666
Individual Losses: 1.3241, 1.2375, 1.1078, 1.0886, 1.1861, 1.1606, 1.2283, 1.1664, 
Epoch: 597, Loss: 1.1664
Individual Losses: 1.3235, 1.2374, 1.1075, 1.0881, 1.1861, 1.1605, 1.2282, 1.1663, 
Epoch: 598, Loss: 1.1663
Individual Losses: 1.3229, 1.2373, 1.1072, 1.0876, 1.1861, 1.1604, 1.2281, 1.1662, 
Epoch: 599, Loss: 1.1662
Individual Losses: 1.3223, 1.2372, 1.1069, 1.0871, 1.1861, 1.1604, 1.2279, 1.1660, 
Epoch: 600, Loss: 1.1660
Individual Losses: 1.3217, 1.2371, 1.1066, 1.0866, 1.1861, 1.1603, 1.2278, 1.1659, 
Epoch: 601, Loss: 1.1659
Individual Losses: 1.3211, 1.2370, 1.1063, 1.0861, 1.1861, 1.1603, 1.2277, 1.1658, 
Epoch: 602, Loss: 1.1658
Individual Losses: 1.3205, 1.2369, 1.1060, 1.0857, 1.1861, 1.1602, 1.2276, 1.1656, 
Epoch: 603, Loss: 1.1656
Individual Losses: 1.3199, 1.2368, 1.1057, 1.0852, 1.1861, 1.1602, 1.2274, 1.1655, 
Epoch: 604, Loss: 1.1655
Individual Losses: 1.3193, 1.2367, 1.1054, 1.0847, 1.1861, 1.1602, 1.2273, 1.1654, 
Epoch: 605, Loss: 1.1654
Individual Losses: 1.3187, 1.2366, 1.1051, 1.0842, 1.1861, 1.1601, 1.2272, 1.1652, 
Epoch: 606, Loss: 1.1652
Individual Losses: 1.3181, 1.2365, 1.1048, 1.0837, 1.1861, 1.1601, 1.2271, 1.1651, 
Epoch: 607, Loss: 1.1651
Individual Losses: 1.3175, 1.2364, 1.1045, 1.0832, 1.1861, 1.1601, 1.2270, 1.1650, 
Epoch: 608, Loss: 1.1650
Individual Losses: 1.3169, 1.2363, 1.1042, 1.0827, 1.1861, 1.1600, 1.2269, 1.1648, 
Epoch: 609, Loss: 1.1648
Individual Losses: 1.3163, 1.2362, 1.1039, 1.0822, 1.1861, 1.1600, 1.2267, 1.1647, 
Epoch: 610, Loss: 1.1647
Individual Losses: 1.3157, 1.2361, 1.1036, 1.0818, 1.1860, 1.1600, 1.2266, 1.1646, 
Epoch: 611, Loss: 1.1646
Individual Losses: 1.3151, 1.2360, 1.1033, 1.0813, 1.1860, 1.1599, 1.2265, 1.1645, 
Epoch: 612, Loss: 1.1645
Individual Losses: 1.3145, 1.2360, 1.1031, 1.0808, 1.1860, 1.1599, 1.2264, 1.1643, 
Epoch: 613, Loss: 1.1643
Individual Losses: 1.3139, 1.2359, 1.1028, 1.0803, 1.1860, 1.1599, 1.2263, 1.1642, 
Epoch: 614, Loss: 1.1642
Individual Losses: 1.3133, 1.2358, 1.1025, 1.0799, 1.1860, 1.1599, 1.2261, 1.1641, 
Epoch: 615, Loss: 1.1641
Individual Losses: 1.3127, 1.2357, 1.1022, 1.0794, 1.1860, 1.1599, 1.2260, 1.1640, 
Epoch: 616, Loss: 1.1640
Individual Losses: 1.3121, 1.2356, 1.1020, 1.0789, 1.1860, 1.1598, 1.2259, 1.1639, 
Epoch: 617, Loss: 1.1639
Individual Losses: 1.3115, 1.2355, 1.1017, 1.0784, 1.1860, 1.1598, 1.2258, 1.1638, 
Epoch: 618, Loss: 1.1638
Individual Losses: 1.3109, 1.2354, 1.1014, 1.0780, 1.1860, 1.1598, 1.2257, 1.1637, 
Epoch: 619, Loss: 1.1637
Individual Losses: 1.3103, 1.2354, 1.1012, 1.0775, 1.1860, 1.1598, 1.2255, 1.1636, 
Epoch: 620, Loss: 1.1636
Individual Losses: 1.3097, 1.2353, 1.1009, 1.0771, 1.1860, 1.1598, 1.2254, 1.1634, 
Epoch: 621, Loss: 1.1634
Individual Losses: 1.3091, 1.2352, 1.1007, 1.0766, 1.1860, 1.1598, 1.2253, 1.1633, 
Epoch: 622, Loss: 1.1633
Individual Losses: 1.3085, 1.2351, 1.1004, 1.0761, 1.1860, 1.1598, 1.2252, 1.1632, 
Epoch: 623, Loss: 1.1632
Individual Losses: 1.3079, 1.2350, 1.1001, 1.0757, 1.1860, 1.1598, 1.2251, 1.1631, 
Epoch: 624, Loss: 1.1631
Individual Losses: 1.3073, 1.2350, 1.0999, 1.0752, 1.1860, 1.1598, 1.2249, 1.1630, 
Epoch: 625, Loss: 1.1630
Individual Losses: 1.3068, 1.2349, 1.0996, 1.0748, 1.1860, 1.1598, 1.2248, 1.1629, 
Epoch: 626, Loss: 1.1629
Individual Losses: 1.3062, 1.2348, 1.0994, 1.0743, 1.1859, 1.1598, 1.2247, 1.1628, 
Epoch: 627, Loss: 1.1628
Individual Losses: 1.3056, 1.2347, 1.0992, 1.0739, 1.1859, 1.1598, 1.2246, 1.1628, 
Epoch: 628, Loss: 1.1628
Individual Losses: 1.3051, 1.2347, 1.0989, 1.0735, 1.1859, 1.1598, 1.2244, 1.1627, 
Epoch: 629, Loss: 1.1627
Individual Losses: 1.3045, 1.2346, 1.0987, 1.0730, 1.1859, 1.1598, 1.2243, 1.1626, 
Epoch: 630, Loss: 1.1626
Individual Losses: 1.3039, 1.2345, 1.0985, 1.0726, 1.1859, 1.1599, 1.2242, 1.1625, 
Epoch: 631, Loss: 1.1625
Individual Losses: 1.3034, 1.2345, 1.0982, 1.0722, 1.1859, 1.1599, 1.2241, 1.1624, 
Epoch: 632, Loss: 1.1624
Individual Losses: 1.3028, 1.2344, 1.0980, 1.0717, 1.1859, 1.1599, 1.2239, 1.1623, 
Epoch: 633, Loss: 1.1623
Individual Losses: 1.3023, 1.2343, 1.0978, 1.0713, 1.1859, 1.1599, 1.2238, 1.1622, 
Epoch: 634, Loss: 1.1622
Individual Losses: 1.3017, 1.2343, 1.0975, 1.0709, 1.1859, 1.1599, 1.2237, 1.1622, 
Epoch: 635, Loss: 1.1622
Individual Losses: 1.3012, 1.2342, 1.0973, 1.0705, 1.1859, 1.1599, 1.2235, 1.1621, 
Epoch: 636, Loss: 1.1621
Individual Losses: 1.3006, 1.2342, 1.0971, 1.0700, 1.1859, 1.1600, 1.2234, 1.1620, 
Epoch: 637, Loss: 1.1620
Individual Losses: 1.3001, 1.2341, 1.0969, 1.0696, 1.1859, 1.1600, 1.2233, 1.1619, 
Epoch: 638, Loss: 1.1619
Individual Losses: 1.2995, 1.2340, 1.0967, 1.0692, 1.1859, 1.1600, 1.2231, 1.1619, 
Epoch: 639, Loss: 1.1619
Individual Losses: 1.2990, 1.2340, 1.0965, 1.0688, 1.1859, 1.1600, 1.2230, 1.1618, 
Epoch: 640, Loss: 1.1618
Individual Losses: 1.2985, 1.2339, 1.0963, 1.0684, 1.1859, 1.1600, 1.2229, 1.1617, 
Epoch: 641, Loss: 1.1617
Individual Losses: 1.2979, 1.2339, 1.0960, 1.0680, 1.1859, 1.1601, 1.2227, 1.1617, 
Epoch: 642, Loss: 1.1617
Individual Losses: 1.2974, 1.2338, 1.0958, 1.0676, 1.1859, 1.1601, 1.2226, 1.1616, 
Epoch: 643, Loss: 1.1616
Individual Losses: 1.2969, 1.2338, 1.0956, 1.0672, 1.1859, 1.1601, 1.2224, 1.1616, 
Epoch: 644, Loss: 1.1616
Individual Losses: 1.2964, 1.2337, 1.0954, 1.0668, 1.1859, 1.1601, 1.2223, 1.1615, 
Epoch: 645, Loss: 1.1615
Individual Losses: 1.2959, 1.2337, 1.0952, 1.0665, 1.1859, 1.1602, 1.2221, 1.1614, 
Epoch: 646, Loss: 1.1614
Individual Losses: 1.2954, 1.2336, 1.0950, 1.0661, 1.1859, 1.1602, 1.2220, 1.1614, 
Epoch: 647, Loss: 1.1614
Individual Losses: 1.2948, 1.2336, 1.0949, 1.0657, 1.1859, 1.1602, 1.2218, 1.1613, 
Epoch: 648, Loss: 1.1613
Individual Losses: 1.2943, 1.2335, 1.0947, 1.0653, 1.1859, 1.1602, 1.2217, 1.1613, 
Epoch: 649, Loss: 1.1613
Individual Losses: 1.2938, 1.2335, 1.0945, 1.0649, 1.1859, 1.1602, 1.2215, 1.1613, 
Epoch: 650, Loss: 1.1613
Individual Losses: 1.2933, 1.2334, 1.0943, 1.0646, 1.1858, 1.1603, 1.2214, 1.1612, 
Epoch: 651, Loss: 1.1612
Individual Losses: 1.2928, 1.2334, 1.0941, 1.0642, 1.1858, 1.1603, 1.2212, 1.1612, 
Epoch: 652, Loss: 1.1612
Individual Losses: 1.2924, 1.2333, 1.0939, 1.0639, 1.1858, 1.1603, 1.2211, 1.1611, 
Epoch: 653, Loss: 1.1611
Individual Losses: 1.2919, 1.2333, 1.0937, 1.0635, 1.1858, 1.1603, 1.2209, 1.1611, 
Epoch: 654, Loss: 1.1611
Individual Losses: 1.2914, 1.2333, 1.0935, 1.0631, 1.1858, 1.1604, 1.2208, 1.1611, 
Epoch: 655, Loss: 1.1611
Individual Losses: 1.2909, 1.2332, 1.0934, 1.0628, 1.1858, 1.1604, 1.2206, 1.1610, 
Epoch: 656, Loss: 1.1610
Individual Losses: 1.2904, 1.2332, 1.0932, 1.0624, 1.1858, 1.1604, 1.2204, 1.1610, 
Epoch: 657, Loss: 1.1610
Individual Losses: 1.2899, 1.2331, 1.0930, 1.0621, 1.1858, 1.1604, 1.2203, 1.1610, 
Epoch: 658, Loss: 1.1610
Individual Losses: 1.2895, 1.2331, 1.0928, 1.0618, 1.1858, 1.1604, 1.2201, 1.1609, 
Epoch: 659, Loss: 1.1609
Individual Losses: 1.2890, 1.2330, 1.0927, 1.0614, 1.1858, 1.1605, 1.2200, 1.1609, 
Epoch: 660, Loss: 1.1609
Individual Losses: 1.2885, 1.2330, 1.0925, 1.0611, 1.1858, 1.1605, 1.2198, 1.1609, 
Epoch: 661, Loss: 1.1609
Individual Losses: 1.2881, 1.2330, 1.0923, 1.0608, 1.1858, 1.1605, 1.2196, 1.1609, 
Epoch: 662, Loss: 1.1609
Individual Losses: 1.2876, 1.2329, 1.0922, 1.0604, 1.1858, 1.1605, 1.2194, 1.1609, 
Epoch: 663, Loss: 1.1609
Individual Losses: 1.2871, 1.2329, 1.0920, 1.0601, 1.1858, 1.1605, 1.2193, 1.1608, 
Epoch: 664, Loss: 1.1608
Individual Losses: 1.2867, 1.2329, 1.0918, 1.0598, 1.1858, 1.1605, 1.2191, 1.1608, 
Epoch: 665, Loss: 1.1608
Individual Losses: 1.2862, 1.2328, 1.0917, 1.0595, 1.1858, 1.1606, 1.2189, 1.1608, 
Epoch: 666, Loss: 1.1608
Individual Losses: 1.2858, 1.2328, 1.0915, 1.0592, 1.1858, 1.1606, 1.2188, 1.1608, 
Epoch: 667, Loss: 1.1608
Individual Losses: 1.2853, 1.2327, 1.0914, 1.0589, 1.1858, 1.1606, 1.2186, 1.1608, 
Epoch: 668, Loss: 1.1608
Individual Losses: 1.2849, 1.2327, 1.0912, 1.0586, 1.1858, 1.1606, 1.2184, 1.1608, 
Epoch: 669, Loss: 1.1608
Individual Losses: 1.2844, 1.2327, 1.0910, 1.0583, 1.1858, 1.1606, 1.2182, 1.1608, 
Epoch: 670, Loss: 1.1608
Individual Losses: 1.2840, 1.2326, 1.0909, 1.0580, 1.1858, 1.1606, 1.2180, 1.1608, 
Epoch: 671, Loss: 1.1608
Individual Losses: 1.2836, 1.2326, 1.0907, 1.0577, 1.1858, 1.1606, 1.2179, 1.1608, 
Epoch: 672, Loss: 1.1608
Individual Losses: 1.2831, 1.2326, 1.0906, 1.0574, 1.1858, 1.1606, 1.2177, 1.1608, 
Epoch: 673, Loss: 1.1608
Individual Losses: 1.2827, 1.2325, 1.0904, 1.0571, 1.1857, 1.1606, 1.2175, 1.1608, 
Epoch: 674, Loss: 1.1608
Individual Losses: 1.2823, 1.2325, 1.0903, 1.0568, 1.1857, 1.1606, 1.2173, 1.1608, 
Epoch: 675, Loss: 1.1608
Individual Losses: 1.2818, 1.2324, 1.0901, 1.0565, 1.1857, 1.1606, 1.2171, 1.1608, 
Epoch: 676, Loss: 1.1608
Individual Losses: 1.2814, 1.2324, 1.0900, 1.0563, 1.1857, 1.1606, 1.2169, 1.1608, 
Epoch: 677, Loss: 1.1608
Individual Losses: 1.2810, 1.2324, 1.0898, 1.0560, 1.1857, 1.1606, 1.2167, 1.1608, 
Epoch: 678, Loss: 1.1608
Individual Losses: 1.2806, 1.2323, 1.0897, 1.0557, 1.1857, 1.1606, 1.2166, 1.1608, 
Epoch: 679, Loss: 1.1608
Individual Losses: 1.2802, 1.2323, 1.0896, 1.0555, 1.1857, 1.1606, 1.2164, 1.1609, 
Epoch: 680, Loss: 1.1609
Individual Losses: 1.2798, 1.2323, 1.0894, 1.0552, 1.1857, 1.1605, 1.2162, 1.1609, 
Epoch: 681, Loss: 1.1609
Individual Losses: 1.2793, 1.2322, 1.0893, 1.0549, 1.1856, 1.1605, 1.2160, 1.1609, 
Epoch: 682, Loss: 1.1609
Individual Losses: 1.2789, 1.2322, 1.0891, 1.0547, 1.1856, 1.1605, 1.2158, 1.1609, 
Epoch: 683, Loss: 1.1609
Individual Losses: 1.2785, 1.2322, 1.0890, 1.0544, 1.1856, 1.1605, 1.2156, 1.1609, 
Epoch: 684, Loss: 1.1609
Individual Losses: 1.2781, 1.2321, 1.0889, 1.0542, 1.1856, 1.1605, 1.2154, 1.1609, 
Epoch: 685, Loss: 1.1609
Individual Losses: 1.2778, 1.2321, 1.0887, 1.0539, 1.1856, 1.1605, 1.2152, 1.1610, 
Epoch: 686, Loss: 1.1610
Individual Losses: 1.2774, 1.2321, 1.0886, 1.0537, 1.1856, 1.1604, 1.2150, 1.1610, 
Epoch: 687, Loss: 1.1610
Individual Losses: 1.2770, 1.2320, 1.0885, 1.0534, 1.1855, 1.1604, 1.2148, 1.1610, 
Epoch: 688, Loss: 1.1610
Individual Losses: 1.2766, 1.2320, 1.0883, 1.0532, 1.1855, 1.1604, 1.2146, 1.1610, 
Epoch: 689, Loss: 1.1610
Individual Losses: 1.2762, 1.2319, 1.0882, 1.0530, 1.1855, 1.1603, 1.2144, 1.1611, 
Epoch: 690, Loss: 1.1611
Individual Losses: 1.2758, 1.2319, 1.0881, 1.0528, 1.1855, 1.1603, 1.2142, 1.1611, 
Epoch: 691, Loss: 1.1611
Individual Losses: 1.2755, 1.2319, 1.0880, 1.0525, 1.1854, 1.1603, 1.2140, 1.1611, 
Epoch: 692, Loss: 1.1611
Individual Losses: 1.2751, 1.2318, 1.0878, 1.0523, 1.1854, 1.1603, 1.2139, 1.1612, 
Epoch: 693, Loss: 1.1612
Individual Losses: 1.2747, 1.2318, 1.0877, 1.0521, 1.1854, 1.1602, 1.2137, 1.1612, 
Epoch: 694, Loss: 1.1612
Individual Losses: 1.2743, 1.2318, 1.0876, 1.0519, 1.1854, 1.1602, 1.2135, 1.1612, 
Epoch: 695, Loss: 1.1612
Individual Losses: 1.2740, 1.2317, 1.0875, 1.0517, 1.1853, 1.1601, 1.2133, 1.1613, 
Epoch: 696, Loss: 1.1613
Individual Losses: 1.2736, 1.2317, 1.0874, 1.0514, 1.1853, 1.1601, 1.2131, 1.1613, 
Epoch: 697, Loss: 1.1613
Individual Losses: 1.2732, 1.2317, 1.0872, 1.0512, 1.1853, 1.1601, 1.2129, 1.1613, 
Epoch: 698, Loss: 1.1613
Individual Losses: 1.2729, 1.2316, 1.0871, 1.0510, 1.1852, 1.1600, 1.2127, 1.1614, 
Epoch: 699, Loss: 1.1614
Individual Losses: 1.2725, 1.2316, 1.0870, 1.0508, 1.1852, 1.1600, 1.2125, 1.1614, 
Epoch: 700, Loss: 1.1614
Individual Losses: 1.2722, 1.2316, 1.0869, 1.0506, 1.1851, 1.1599, 1.2123, 1.1614, 
Epoch: 701, Loss: 1.1614
Individual Losses: 1.2718, 1.2315, 1.0868, 1.0505, 1.1851, 1.1599, 1.2121, 1.1615, 
Epoch: 702, Loss: 1.1615
Individual Losses: 1.2715, 1.2315, 1.0867, 1.0503, 1.1851, 1.1599, 1.2119, 1.1615, 
Epoch: 703, Loss: 1.1615
Individual Losses: 1.2711, 1.2315, 1.0866, 1.0501, 1.1850, 1.1598, 1.2117, 1.1616, 
Epoch: 704, Loss: 1.1616
Individual Losses: 1.2708, 1.2314, 1.0865, 1.0499, 1.1850, 1.1598, 1.2115, 1.1616, 
Epoch: 705, Loss: 1.1616
Individual Losses: 1.2704, 1.2314, 1.0864, 1.0497, 1.1849, 1.1597, 1.2113, 1.1616, 
Epoch: 706, Loss: 1.1616
Individual Losses: 1.2701, 1.2314, 1.0863, 1.0495, 1.1849, 1.1597, 1.2112, 1.1617, 
Epoch: 707, Loss: 1.1617
Individual Losses: 1.2697, 1.2313, 1.0862, 1.0494, 1.1848, 1.1596, 1.2110, 1.1617, 
Epoch: 708, Loss: 1.1617
Individual Losses: 1.2694, 1.2313, 1.0861, 1.0492, 1.1848, 1.1596, 1.2108, 1.1618, 
Epoch: 709, Loss: 1.1618
Individual Losses: 1.2690, 1.2313, 1.0860, 1.0490, 1.1847, 1.1595, 1.2106, 1.1618, 
Epoch: 710, Loss: 1.1618
Individual Losses: 1.2687, 1.2312, 1.0859, 1.0488, 1.1847, 1.1595, 1.2104, 1.1619, 
Epoch: 711, Loss: 1.1619
Individual Losses: 1.2684, 1.2312, 1.0858, 1.0487, 1.1846, 1.1594, 1.2102, 1.1619, 
Epoch: 712, Loss: 1.1619
Individual Losses: 1.2680, 1.2312, 1.0857, 1.0485, 1.1846, 1.1594, 1.2100, 1.1619, 
Epoch: 713, Loss: 1.1619
Individual Losses: 1.2677, 1.2311, 1.0856, 1.0484, 1.1845, 1.1593, 1.2098, 1.1620, 
Epoch: 714, Loss: 1.1620
Individual Losses: 1.2673, 1.2311, 1.0855, 1.0482, 1.1845, 1.1592, 1.2097, 1.1620, 
Epoch: 715, Loss: 1.1620
Individual Losses: 1.2670, 1.2311, 1.0854, 1.0481, 1.1844, 1.1592, 1.2095, 1.1621, 
Epoch: 716, Loss: 1.1621
Individual Losses: 1.2667, 1.2310, 1.0853, 1.0479, 1.1844, 1.1591, 1.2093, 1.1621, 
Epoch: 717, Loss: 1.1621
Individual Losses: 1.2663, 1.2310, 1.0853, 1.0478, 1.1843, 1.1591, 1.2091, 1.1622, 
Epoch: 718, Loss: 1.1622
Individual Losses: 1.2660, 1.2310, 1.0852, 1.0476, 1.1843, 1.1590, 1.2089, 1.1622, 
Epoch: 719, Loss: 1.1622
Individual Losses: 1.2657, 1.2309, 1.0851, 1.0475, 1.1842, 1.1590, 1.2088, 1.1623, 
Epoch: 720, Loss: 1.1623
Individual Losses: 1.2653, 1.2309, 1.0850, 1.0473, 1.1842, 1.1589, 1.2086, 1.1623, 
Epoch: 721, Loss: 1.1623
Individual Losses: 1.2650, 1.2309, 1.0849, 1.0472, 1.1841, 1.1589, 1.2084, 1.1623, 
Epoch: 722, Loss: 1.1623
Individual Losses: 1.2647, 1.2308, 1.0849, 1.0470, 1.1840, 1.1588, 1.2082, 1.1624, 
Epoch: 723, Loss: 1.1624
Individual Losses: 1.2644, 1.2308, 1.0848, 1.0469, 1.1840, 1.1587, 1.2081, 1.1624, 
Epoch: 724, Loss: 1.1624
Individual Losses: 1.2640, 1.2308, 1.0847, 1.0468, 1.1839, 1.1587, 1.2079, 1.1625, 
Epoch: 725, Loss: 1.1625
Individual Losses: 1.2637, 1.2307, 1.0846, 1.0466, 1.1839, 1.1586, 1.2077, 1.1625, 
Epoch: 726, Loss: 1.1625
Individual Losses: 1.2634, 1.2307, 1.0846, 1.0465, 1.1838, 1.1586, 1.2076, 1.1626, 
Epoch: 727, Loss: 1.1626
Individual Losses: 1.2631, 1.2307, 1.0845, 1.0464, 1.1837, 1.1585, 1.2074, 1.1626, 
Epoch: 728, Loss: 1.1626
Individual Losses: 1.2627, 1.2306, 1.0844, 1.0463, 1.1837, 1.1585, 1.2072, 1.1627, 
Epoch: 729, Loss: 1.1627
Individual Losses: 1.2624, 1.2306, 1.0844, 1.0461, 1.1836, 1.1584, 1.2071, 1.1627, 
Epoch: 730, Loss: 1.1627
Individual Losses: 1.2621, 1.2306, 1.0843, 1.0460, 1.1836, 1.1583, 1.2069, 1.1627, 
Epoch: 731, Loss: 1.1627
Individual Losses: 1.2618, 1.2305, 1.0842, 1.0459, 1.1835, 1.1583, 1.2067, 1.1628, 
Epoch: 732, Loss: 1.1628
Individual Losses: 1.2615, 1.2305, 1.0841, 1.0458, 1.1834, 1.1582, 1.2066, 1.1628, 
Epoch: 733, Loss: 1.1628
Individual Losses: 1.2611, 1.2305, 1.0841, 1.0457, 1.1834, 1.1582, 1.2064, 1.1629, 
Epoch: 734, Loss: 1.1629
Individual Losses: 1.2608, 1.2304, 1.0840, 1.0456, 1.1833, 1.1581, 1.2062, 1.1629, 
Epoch: 735, Loss: 1.1629
Individual Losses: 1.2605, 1.2304, 1.0839, 1.0454, 1.1832, 1.1581, 1.2061, 1.1630, 
Epoch: 736, Loss: 1.1630
Individual Losses: 1.2602, 1.2303, 1.0839, 1.0453, 1.1832, 1.1580, 1.2059, 1.1630, 
Epoch: 737, Loss: 1.1630
Individual Losses: 1.2599, 1.2303, 1.0838, 1.0452, 1.1831, 1.1579, 1.2058, 1.1630, 
Epoch: 738, Loss: 1.1630
Individual Losses: 1.2596, 1.2303, 1.0838, 1.0451, 1.1830, 1.1579, 1.2056, 1.1631, 
Epoch: 739, Loss: 1.1631
Individual Losses: 1.2592, 1.2302, 1.0837, 1.0450, 1.1830, 1.1578, 1.2054, 1.1631, 
Epoch: 740, Loss: 1.1631
Individual Losses: 1.2589, 1.2302, 1.0836, 1.0449, 1.1829, 1.1578, 1.2053, 1.1632, 
Epoch: 741, Loss: 1.1632
Individual Losses: 1.2586, 1.2302, 1.0836, 1.0448, 1.1828, 1.1577, 1.2051, 1.1632, 
Epoch: 742, Loss: 1.1632
Individual Losses: 1.2583, 1.2301, 1.0835, 1.0447, 1.1828, 1.1576, 1.2050, 1.1633, 
Epoch: 743, Loss: 1.1633
Individual Losses: 1.2580, 1.2301, 1.0835, 1.0446, 1.1827, 1.1576, 1.2048, 1.1633, 
Epoch: 744, Loss: 1.1633
Individual Losses: 1.2577, 1.2300, 1.0834, 1.0445, 1.1826, 1.1575, 1.2047, 1.1633, 
Epoch: 745, Loss: 1.1633
Individual Losses: 1.2574, 1.2300, 1.0833, 1.0444, 1.1826, 1.1575, 1.2045, 1.1634, 
Epoch: 746, Loss: 1.1634
Individual Losses: 1.2571, 1.2300, 1.0833, 1.0443, 1.1825, 1.1574, 1.2044, 1.1634, 
Epoch: 747, Loss: 1.1634
Individual Losses: 1.2568, 1.2299, 1.0832, 1.0442, 1.1824, 1.1573, 1.2042, 1.1635, 
Epoch: 748, Loss: 1.1635
Individual Losses: 1.2565, 1.2299, 1.0832, 1.0441, 1.1824, 1.1573, 1.2041, 1.1635, 
Epoch: 749, Loss: 1.1635
Individual Losses: 1.2562, 1.2298, 1.0831, 1.0440, 1.1823, 1.1572, 1.2039, 1.1636, 
Epoch: 750, Loss: 1.1636
Individual Losses: 1.2559, 1.2298, 1.0831, 1.0439, 1.1822, 1.1572, 1.2038, 1.1636, 
Epoch: 751, Loss: 1.1636
Individual Losses: 1.2556, 1.2297, 1.0830, 1.0438, 1.1822, 1.1571, 1.2036, 1.1636, 
Epoch: 752, Loss: 1.1636
Individual Losses: 1.2552, 1.2297, 1.0829, 1.0437, 1.1821, 1.1570, 1.2035, 1.1637, 
Epoch: 753, Loss: 1.1637
Individual Losses: 1.2549, 1.2297, 1.0829, 1.0436, 1.1820, 1.1570, 1.2033, 1.1637, 
Epoch: 754, Loss: 1.1637
Individual Losses: 1.2546, 1.2296, 1.0828, 1.0435, 1.1820, 1.1569, 1.2032, 1.1638, 
Epoch: 755, Loss: 1.1638
Individual Losses: 1.2543, 1.2296, 1.0828, 1.0434, 1.1819, 1.1569, 1.2031, 1.1638, 
Epoch: 756, Loss: 1.1638
Individual Losses: 1.2540, 1.2295, 1.0827, 1.0434, 1.1818, 1.1568, 1.2029, 1.1639, 
Epoch: 757, Loss: 1.1639
Individual Losses: 1.2537, 1.2295, 1.0827, 1.0433, 1.1818, 1.1567, 1.2028, 1.1639, 
Epoch: 758, Loss: 1.1639
Individual Losses: 1.2534, 1.2294, 1.0826, 1.0432, 1.1817, 1.1567, 1.2026, 1.1639, 
Epoch: 759, Loss: 1.1639
Individual Losses: 1.2532, 1.2294, 1.0826, 1.0431, 1.1816, 1.1566, 1.2025, 1.1640, 
Epoch: 760, Loss: 1.1640
Individual Losses: 1.2529, 1.2293, 1.0825, 1.0430, 1.1816, 1.1566, 1.2024, 1.1640, 
Epoch: 761, Loss: 1.1640
Individual Losses: 1.2526, 1.2293, 1.0825, 1.0429, 1.1815, 1.1565, 1.2022, 1.1641, 
Epoch: 762, Loss: 1.1641
Individual Losses: 1.2523, 1.2292, 1.0824, 1.0428, 1.1814, 1.1564, 1.2021, 1.1641, 
Epoch: 763, Loss: 1.1641
Individual Losses: 1.2520, 1.2292, 1.0824, 1.0427, 1.1813, 1.1564, 1.2020, 1.1641, 
Epoch: 764, Loss: 1.1641
Individual Losses: 1.2517, 1.2292, 1.0823, 1.0427, 1.1813, 1.1563, 1.2018, 1.1642, 
Epoch: 765, Loss: 1.1642
Individual Losses: 1.2514, 1.2291, 1.0823, 1.0426, 1.1812, 1.1563, 1.2017, 1.1642, 
Epoch: 766, Loss: 1.1642
Individual Losses: 1.2511, 1.2291, 1.0822, 1.0425, 1.1811, 1.1562, 1.2016, 1.1643, 
Epoch: 767, Loss: 1.1643
Individual Losses: 1.2508, 1.2290, 1.0822, 1.0424, 1.1811, 1.1561, 1.2014, 1.1643, 
Epoch: 768, Loss: 1.1643
Individual Losses: 1.2505, 1.2289, 1.0821, 1.0423, 1.1810, 1.1561, 1.2013, 1.1643, 
Epoch: 769, Loss: 1.1643
Individual Losses: 1.2502, 1.2289, 1.0820, 1.0422, 1.1809, 1.1560, 1.2012, 1.1644, 
Epoch: 770, Loss: 1.1644
Individual Losses: 1.2499, 1.2288, 1.0820, 1.0422, 1.1809, 1.1559, 1.2010, 1.1644, 
Epoch: 771, Loss: 1.1644
Individual Losses: 1.2496, 1.2288, 1.0819, 1.0421, 1.1808, 1.1559, 1.2009, 1.1645, 
Epoch: 772, Loss: 1.1645
Individual Losses: 1.2493, 1.2287, 1.0819, 1.0420, 1.1807, 1.1558, 1.2008, 1.1645, 
Epoch: 773, Loss: 1.1645
Individual Losses: 1.2491, 1.2287, 1.0818, 1.0419, 1.1807, 1.1558, 1.2007, 1.1645, 
Epoch: 774, Loss: 1.1645
Individual Losses: 1.2488, 1.2286, 1.0818, 1.0418, 1.1806, 1.1557, 1.2005, 1.1646, 
Epoch: 775, Loss: 1.1646
Individual Losses: 1.2485, 1.2286, 1.0817, 1.0418, 1.1805, 1.1556, 1.2004, 1.1646, 
Epoch: 776, Loss: 1.1646
Individual Losses: 1.2482, 1.2285, 1.0817, 1.0417, 1.1805, 1.1556, 1.2003, 1.1647, 
Epoch: 777, Loss: 1.1647
Individual Losses: 1.2479, 1.2285, 1.0816, 1.0416, 1.1804, 1.1555, 1.2002, 1.1647, 
Epoch: 778, Loss: 1.1647
Individual Losses: 1.2476, 1.2284, 1.0816, 1.0415, 1.1804, 1.1554, 1.2000, 1.1647, 
Epoch: 779, Loss: 1.1647
Individual Losses: 1.2473, 1.2283, 1.0815, 1.0415, 1.1803, 1.1554, 1.1999, 1.1648, 
Epoch: 780, Loss: 1.1648
Individual Losses: 1.2470, 1.2283, 1.0815, 1.0414, 1.1802, 1.1553, 1.1998, 1.1648, 
Epoch: 781, Loss: 1.1648
Individual Losses: 1.2467, 1.2282, 1.0814, 1.0413, 1.1802, 1.1552, 1.1997, 1.1649, 
Epoch: 782, Loss: 1.1649
Individual Losses: 1.2464, 1.2282, 1.0814, 1.0412, 1.1801, 1.1552, 1.1996, 1.1649, 
Epoch: 783, Loss: 1.1649
Individual Losses: 1.2462, 1.2281, 1.0813, 1.0411, 1.1800, 1.1551, 1.1994, 1.1649, 
Epoch: 784, Loss: 1.1649
Individual Losses: 1.2459, 1.2281, 1.0813, 1.0411, 1.1800, 1.1550, 1.1993, 1.1650, 
Epoch: 785, Loss: 1.1650
Individual Losses: 1.2456, 1.2280, 1.0812, 1.0410, 1.1799, 1.1550, 1.1992, 1.1650, 
Epoch: 786, Loss: 1.1650
Individual Losses: 1.2453, 1.2279, 1.0812, 1.0409, 1.1799, 1.1549, 1.1991, 1.1650, 
Epoch: 787, Loss: 1.1650
Individual Losses: 1.2450, 1.2279, 1.0811, 1.0408, 1.1798, 1.1548, 1.1990, 1.1651, 
Epoch: 788, Loss: 1.1651
Individual Losses: 1.2447, 1.2278, 1.0811, 1.0408, 1.1797, 1.1547, 1.1989, 1.1651, 
Epoch: 789, Loss: 1.1651
Individual Losses: 1.2444, 1.2277, 1.0810, 1.0407, 1.1797, 1.1547, 1.1988, 1.1652, 
Epoch: 790, Loss: 1.1652
Individual Losses: 1.2441, 1.2277, 1.0810, 1.0406, 1.1796, 1.1546, 1.1987, 1.1652, 
Epoch: 791, Loss: 1.1652
Individual Losses: 1.2438, 1.2276, 1.0809, 1.0405, 1.1796, 1.1545, 1.1985, 1.1652, 
Epoch: 792, Loss: 1.1652
Individual Losses: 1.2436, 1.2276, 1.0809, 1.0405, 1.1795, 1.1545, 1.1984, 1.1653, 
Epoch: 793, Loss: 1.1653
Individual Losses: 1.2433, 1.2275, 1.0808, 1.0404, 1.1795, 1.1544, 1.1983, 1.1653, 
Epoch: 794, Loss: 1.1653
Individual Losses: 1.2430, 1.2274, 1.0808, 1.0403, 1.1794, 1.1543, 1.1982, 1.1653, 
Epoch: 795, Loss: 1.1653
Individual Losses: 1.2427, 1.2274, 1.0807, 1.0402, 1.1794, 1.1542, 1.1981, 1.1654, 
Epoch: 796, Loss: 1.1654
Individual Losses: 1.2424, 1.2273, 1.0807, 1.0402, 1.1793, 1.1542, 1.1980, 1.1654, 
Epoch: 797, Loss: 1.1654
Individual Losses: 1.2421, 1.2272, 1.0806, 1.0401, 1.1793, 1.1541, 1.1979, 1.1654, 
Epoch: 798, Loss: 1.1654
Individual Losses: 1.2418, 1.2272, 1.0806, 1.0400, 1.1792, 1.1540, 1.1978, 1.1655, 
Epoch: 799, Loss: 1.1655
Individual Losses: 1.2415, 1.2271, 1.0805, 1.0399, 1.1792, 1.1539, 1.1977, 1.1655, 
Epoch: 800, Loss: 1.1655
Individual Losses: 1.2412, 1.2270, 1.0804, 1.0399, 1.1791, 1.1539, 1.1976, 1.1655, 
Epoch: 801, Loss: 1.1655
Individual Losses: 1.2409, 1.2270, 1.0804, 1.0398, 1.1791, 1.1538, 1.1975, 1.1656, 
Epoch: 802, Loss: 1.1656
Individual Losses: 1.2406, 1.2269, 1.0803, 1.0397, 1.1791, 1.1537, 1.1974, 1.1656, 
Epoch: 803, Loss: 1.1656
Individual Losses: 1.2403, 1.2268, 1.0803, 1.0396, 1.1790, 1.1536, 1.1973, 1.1656, 
Epoch: 804, Loss: 1.1656
Individual Losses: 1.2400, 1.2268, 1.0802, 1.0396, 1.1790, 1.1536, 1.1972, 1.1656, 
Epoch: 805, Loss: 1.1656
Individual Losses: 1.2397, 1.2267, 1.0802, 1.0395, 1.1789, 1.1535, 1.1971, 1.1657, 
Epoch: 806, Loss: 1.1657
Individual Losses: 1.2394, 1.2266, 1.0801, 1.0394, 1.1789, 1.1534, 1.1970, 1.1657, 
Epoch: 807, Loss: 1.1657
Individual Losses: 1.2391, 1.2265, 1.0801, 1.0393, 1.1789, 1.1533, 1.1969, 1.1657, 
Epoch: 808, Loss: 1.1657
Individual Losses: 1.2388, 1.2265, 1.0800, 1.0392, 1.1788, 1.1532, 1.1968, 1.1658, 
Epoch: 809, Loss: 1.1658
Individual Losses: 1.2385, 1.2264, 1.0800, 1.0392, 1.1788, 1.1531, 1.1967, 1.1658, 
Epoch: 810, Loss: 1.1658
Individual Losses: 1.2382, 1.2263, 1.0799, 1.0391, 1.1788, 1.1531, 1.1966, 1.1658, 
Epoch: 811, Loss: 1.1658
Individual Losses: 1.2379, 1.2263, 1.0799, 1.0390, 1.1787, 1.1530, 1.1965, 1.1658, 
Epoch: 812, Loss: 1.1658
Individual Losses: 1.2375, 1.2262, 1.0798, 1.0389, 1.1787, 1.1529, 1.1964, 1.1658, 
Epoch: 813, Loss: 1.1658
Individual Losses: 1.2372, 1.2261, 1.0797, 1.0389, 1.1787, 1.1528, 1.1964, 1.1659, 
Epoch: 814, Loss: 1.1659
Individual Losses: 1.2369, 1.2260, 1.0797, 1.0388, 1.1787, 1.1527, 1.1963, 1.1659, 
Epoch: 815, Loss: 1.1659
Individual Losses: 1.2366, 1.2260, 1.0796, 1.0387, 1.1786, 1.1526, 1.1962, 1.1659, 
Epoch: 816, Loss: 1.1659
Individual Losses: 1.2363, 1.2259, 1.0796, 1.0386, 1.1786, 1.1525, 1.1961, 1.1659, 
Epoch: 817, Loss: 1.1659
Individual Losses: 1.2360, 1.2258, 1.0795, 1.0386, 1.1786, 1.1525, 1.1960, 1.1659, 
Epoch: 818, Loss: 1.1659
Individual Losses: 1.2356, 1.2257, 1.0795, 1.0385, 1.1786, 1.1524, 1.1959, 1.1660, 
Epoch: 819, Loss: 1.1660
Individual Losses: 1.2353, 1.2257, 1.0794, 1.0384, 1.1786, 1.1523, 1.1958, 1.1660, 
Epoch: 820, Loss: 1.1660
Individual Losses: 1.2350, 1.2256, 1.0793, 1.0383, 1.1786, 1.1522, 1.1958, 1.1660, 
Epoch: 821, Loss: 1.1660
Individual Losses: 1.2346, 1.2255, 1.0793, 1.0382, 1.1786, 1.1521, 1.1957, 1.1660, 
Epoch: 822, Loss: 1.1660
Individual Losses: 1.2343, 1.2254, 1.0792, 1.0382, 1.1785, 1.1520, 1.1956, 1.1660, 
Epoch: 823, Loss: 1.1660
Individual Losses: 1.2340, 1.2254, 1.0792, 1.0381, 1.1785, 1.1519, 1.1955, 1.1660, 
Epoch: 824, Loss: 1.1660
Individual Losses: 1.2336, 1.2253, 1.0791, 1.0380, 1.1785, 1.1518, 1.1954, 1.1660, 
Epoch: 825, Loss: 1.1660
Individual Losses: 1.2333, 1.2252, 1.0790, 1.0379, 1.1785, 1.1517, 1.1954, 1.1660, 
Epoch: 826, Loss: 1.1660
Individual Losses: 1.2330, 1.2251, 1.0790, 1.0378, 1.1785, 1.1516, 1.1953, 1.1660, 
Epoch: 827, Loss: 1.1660
Individual Losses: 1.2326, 1.2251, 1.0789, 1.0377, 1.1785, 1.1515, 1.1952, 1.1660, 
Epoch: 828, Loss: 1.1660
Individual Losses: 1.2323, 1.2250, 1.0789, 1.0377, 1.1785, 1.1514, 1.1951, 1.1660, 
Epoch: 829, Loss: 1.1660
Individual Losses: 1.2319, 1.2249, 1.0788, 1.0376, 1.1785, 1.1513, 1.1950, 1.1660, 
Epoch: 830, Loss: 1.1660
Individual Losses: 1.2316, 1.2248, 1.0787, 1.0375, 1.1785, 1.1512, 1.1950, 1.1660, 
Epoch: 831, Loss: 1.1660
Individual Losses: 1.2312, 1.2248, 1.0787, 1.0374, 1.1785, 1.1511, 1.1949, 1.1660, 
Epoch: 832, Loss: 1.1660
Individual Losses: 1.2308, 1.2247, 1.0786, 1.0373, 1.1786, 1.1510, 1.1948, 1.1660, 
Epoch: 833, Loss: 1.1660
Individual Losses: 1.2305, 1.2246, 1.0786, 1.0372, 1.1786, 1.1509, 1.1947, 1.1660, 
Epoch: 834, Loss: 1.1660
Individual Losses: 1.2301, 1.2245, 1.0785, 1.0372, 1.1786, 1.1508, 1.1947, 1.1660, 
Epoch: 835, Loss: 1.1660
Individual Losses: 1.2297, 1.2244, 1.0784, 1.0371, 1.1786, 1.1507, 1.1946, 1.1660, 
Epoch: 836, Loss: 1.1660
Individual Losses: 1.2294, 1.2244, 1.0784, 1.0370, 1.1786, 1.1506, 1.1945, 1.1659, 
Epoch: 837, Loss: 1.1659
Individual Losses: 1.2290, 1.2243, 1.0783, 1.0369, 1.1786, 1.1505, 1.1945, 1.1659, 
Epoch: 838, Loss: 1.1659
Individual Losses: 1.2286, 1.2242, 1.0783, 1.0368, 1.1787, 1.1504, 1.1944, 1.1659, 
Epoch: 839, Loss: 1.1659
Individual Losses: 1.2282, 1.2241, 1.0782, 1.0367, 1.1787, 1.1502, 1.1943, 1.1659, 
Epoch: 840, Loss: 1.1659
Individual Losses: 1.2278, 1.2241, 1.0781, 1.0366, 1.1787, 1.1501, 1.1942, 1.1659, 
Epoch: 841, Loss: 1.1659
Individual Losses: 1.2275, 1.2240, 1.0781, 1.0366, 1.1787, 1.1500, 1.1942, 1.1658, 
Epoch: 842, Loss: 1.1658
Individual Losses: 1.2271, 1.2239, 1.0780, 1.0365, 1.1787, 1.1499, 1.1941, 1.1658, 
Epoch: 843, Loss: 1.1658
Individual Losses: 1.2267, 1.2238, 1.0779, 1.0364, 1.1788, 1.1498, 1.1940, 1.1658, 
Epoch: 844, Loss: 1.1658
Individual Losses: 1.2263, 1.2237, 1.0779, 1.0363, 1.1788, 1.1497, 1.1940, 1.1658, 
Epoch: 845, Loss: 1.1658
Individual Losses: 1.2259, 1.2237, 1.0778, 1.0362, 1.1788, 1.1496, 1.1939, 1.1657, 
Epoch: 846, Loss: 1.1657
Individual Losses: 1.2255, 1.2236, 1.0777, 1.0361, 1.1789, 1.1494, 1.1938, 1.1657, 
Epoch: 847, Loss: 1.1657
Individual Losses: 1.2251, 1.2235, 1.0777, 1.0360, 1.1789, 1.1493, 1.1938, 1.1657, 
Epoch: 848, Loss: 1.1657
Individual Losses: 1.2246, 1.2234, 1.0776, 1.0359, 1.1789, 1.1492, 1.1937, 1.1656, 
Epoch: 849, Loss: 1.1656
Individual Losses: 1.2242, 1.2234, 1.0775, 1.0358, 1.1790, 1.1491, 1.1936, 1.1656, 
Epoch: 850, Loss: 1.1656
Individual Losses: 1.2238, 1.2233, 1.0775, 1.0357, 1.1790, 1.1490, 1.1936, 1.1656, 
Epoch: 851, Loss: 1.1656
Individual Losses: 1.2234, 1.2232, 1.0774, 1.0356, 1.1790, 1.1489, 1.1935, 1.1655, 
Epoch: 852, Loss: 1.1655
Individual Losses: 1.2230, 1.2231, 1.0773, 1.0355, 1.1791, 1.1487, 1.1934, 1.1655, 
Epoch: 853, Loss: 1.1655
Individual Losses: 1.2225, 1.2230, 1.0773, 1.0355, 1.1791, 1.1486, 1.1934, 1.1654, 
Epoch: 854, Loss: 1.1654
Individual Losses: 1.2221, 1.2230, 1.0772, 1.0354, 1.1792, 1.1485, 1.1933, 1.1654, 
Epoch: 855, Loss: 1.1654
Individual Losses: 1.2217, 1.2229, 1.0771, 1.0353, 1.1792, 1.1484, 1.1932, 1.1653, 
Epoch: 856, Loss: 1.1653
Individual Losses: 1.2212, 1.2228, 1.0771, 1.0352, 1.1792, 1.1482, 1.1932, 1.1653, 
Epoch: 857, Loss: 1.1653
Individual Losses: 1.2208, 1.2227, 1.0770, 1.0351, 1.1793, 1.1481, 1.1931, 1.1653, 
Epoch: 858, Loss: 1.1653
Individual Losses: 1.2203, 1.2226, 1.0769, 1.0350, 1.1793, 1.1480, 1.1930, 1.1652, 
Epoch: 859, Loss: 1.1652
Individual Losses: 1.2199, 1.2226, 1.0768, 1.0349, 1.1794, 1.1479, 1.1930, 1.1652, 
Epoch: 860, Loss: 1.1652
Individual Losses: 1.2194, 1.2225, 1.0768, 1.0348, 1.1794, 1.1477, 1.1929, 1.1651, 
Epoch: 861, Loss: 1.1651
Individual Losses: 1.2190, 1.2224, 1.0767, 1.0347, 1.1795, 1.1476, 1.1928, 1.1650, 
Epoch: 862, Loss: 1.1650
Individual Losses: 1.2185, 1.2223, 1.0766, 1.0346, 1.1795, 1.1475, 1.1928, 1.1650, 
Epoch: 863, Loss: 1.1650
Individual Losses: 1.2180, 1.2222, 1.0765, 1.0345, 1.1796, 1.1473, 1.1927, 1.1649, 
Epoch: 864, Loss: 1.1649
Individual Losses: 1.2176, 1.2222, 1.0765, 1.0344, 1.1796, 1.1472, 1.1926, 1.1649, 
Epoch: 865, Loss: 1.1649
Individual Losses: 1.2171, 1.2221, 1.0764, 1.0343, 1.1797, 1.1471, 1.1926, 1.1648, 
Epoch: 866, Loss: 1.1648
Individual Losses: 1.2166, 1.2220, 1.0763, 1.0342, 1.1797, 1.1470, 1.1925, 1.1648, 
Epoch: 867, Loss: 1.1648
Individual Losses: 1.2162, 1.2219, 1.0762, 1.0341, 1.1798, 1.1468, 1.1924, 1.1647, 
Epoch: 868, Loss: 1.1647
Individual Losses: 1.2157, 1.2218, 1.0762, 1.0340, 1.1798, 1.1467, 1.1924, 1.1647, 
Epoch: 869, Loss: 1.1647
Individual Losses: 1.2152, 1.2218, 1.0761, 1.0339, 1.1799, 1.1466, 1.1923, 1.1646, 
Epoch: 870, Loss: 1.1646
Individual Losses: 1.2147, 1.2217, 1.0760, 1.0338, 1.1800, 1.1464, 1.1922, 1.1645, 
Epoch: 871, Loss: 1.1645
Individual Losses: 1.2142, 1.2216, 1.0759, 1.0337, 1.1800, 1.1463, 1.1922, 1.1645, 
Epoch: 872, Loss: 1.1645
Individual Losses: 1.2137, 1.2215, 1.0758, 1.0336, 1.1801, 1.1462, 1.1921, 1.1644, 
Epoch: 873, Loss: 1.1644
Individual Losses: 1.2132, 1.2214, 1.0758, 1.0335, 1.1801, 1.1460, 1.1920, 1.1644, 
Epoch: 874, Loss: 1.1644
Individual Losses: 1.2127, 1.2214, 1.0757, 1.0334, 1.1802, 1.1459, 1.1920, 1.1643, 
Epoch: 875, Loss: 1.1643
Individual Losses: 1.2122, 1.2213, 1.0756, 1.0332, 1.1803, 1.1458, 1.1919, 1.1642, 
Epoch: 876, Loss: 1.1642
Individual Losses: 1.2117, 1.2212, 1.0755, 1.0331, 1.1803, 1.1456, 1.1918, 1.1642, 
Epoch: 877, Loss: 1.1642
Individual Losses: 1.2112, 1.2211, 1.0754, 1.0330, 1.1804, 1.1455, 1.1918, 1.1641, 
Epoch: 878, Loss: 1.1641
Individual Losses: 1.2107, 1.2210, 1.0753, 1.0329, 1.1804, 1.1454, 1.1917, 1.1641, 
Epoch: 879, Loss: 1.1641
Individual Losses: 1.2102, 1.2209, 1.0753, 1.0328, 1.1805, 1.1452, 1.1916, 1.1640, 
Epoch: 880, Loss: 1.1640
Individual Losses: 1.2097, 1.2209, 1.0752, 1.0327, 1.1806, 1.1451, 1.1916, 1.1639, 
Epoch: 881, Loss: 1.1639
Individual Losses: 1.2091, 1.2208, 1.0751, 1.0326, 1.1806, 1.1449, 1.1915, 1.1639, 
Epoch: 882, Loss: 1.1639
Individual Losses: 1.2086, 1.2207, 1.0750, 1.0325, 1.1807, 1.1448, 1.1914, 1.1638, 
Epoch: 883, Loss: 1.1638
Individual Losses: 1.2081, 1.2206, 1.0749, 1.0324, 1.1808, 1.1447, 1.1914, 1.1637, 
Epoch: 884, Loss: 1.1637
Individual Losses: 1.2076, 1.2205, 1.0748, 1.0323, 1.1809, 1.1445, 1.1913, 1.1637, 
Epoch: 885, Loss: 1.1637
Individual Losses: 1.2070, 1.2205, 1.0747, 1.0322, 1.1809, 1.1444, 1.1912, 1.1636, 
Epoch: 886, Loss: 1.1636
Individual Losses: 1.2065, 1.2204, 1.0746, 1.0321, 1.1810, 1.1443, 1.1912, 1.1635, 
Epoch: 887, Loss: 1.1635
Individual Losses: 1.2060, 1.2203, 1.0745, 1.0319, 1.1811, 1.1441, 1.1911, 1.1635, 
Epoch: 888, Loss: 1.1635
Individual Losses: 1.2054, 1.2202, 1.0744, 1.0318, 1.1812, 1.1440, 1.1910, 1.1634, 
Epoch: 889, Loss: 1.1634
Individual Losses: 1.2049, 1.2201, 1.0743, 1.0317, 1.1813, 1.1439, 1.1910, 1.1633, 
Epoch: 890, Loss: 1.1633
Individual Losses: 1.2043, 1.2200, 1.0742, 1.0316, 1.1813, 1.1437, 1.1909, 1.1633, 
Epoch: 891, Loss: 1.1633
Individual Losses: 1.2038, 1.2200, 1.0741, 1.0315, 1.1814, 1.1436, 1.1908, 1.1632, 
Epoch: 892, Loss: 1.1632
Individual Losses: 1.2032, 1.2199, 1.0740, 1.0314, 1.1815, 1.1434, 1.1908, 1.1631, 
Epoch: 893, Loss: 1.1631
Individual Losses: 1.2027, 1.2198, 1.0739, 1.0313, 1.1816, 1.1433, 1.1907, 1.1630, 
Epoch: 894, Loss: 1.1630
Individual Losses: 1.2021, 1.2197, 1.0738, 1.0312, 1.1817, 1.1432, 1.1906, 1.1630, 
Epoch: 895, Loss: 1.1630
Individual Losses: 1.2016, 1.2196, 1.0737, 1.0310, 1.1818, 1.1430, 1.1906, 1.1629, 
Epoch: 896, Loss: 1.1629
Individual Losses: 1.2010, 1.2196, 1.0736, 1.0309, 1.1819, 1.1429, 1.1905, 1.1628, 
Epoch: 897, Loss: 1.1628
Individual Losses: 1.2004, 1.2195, 1.0735, 1.0308, 1.1820, 1.1428, 1.1904, 1.1627, 
Epoch: 898, Loss: 1.1627
Individual Losses: 1.1999, 1.2194, 1.0734, 1.0307, 1.1821, 1.1426, 1.1904, 1.1627, 
Epoch: 899, Loss: 1.1627
Individual Losses: 1.1993, 1.2193, 1.0733, 1.0306, 1.1822, 1.1425, 1.1903, 1.1626, 
Epoch: 900, Loss: 1.1626
Individual Losses: 1.1987, 1.2192, 1.0732, 1.0305, 1.1823, 1.1423, 1.1902, 1.1625, 
Epoch: 901, Loss: 1.1625
Individual Losses: 1.1982, 1.2192, 1.0731, 1.0304, 1.1824, 1.1422, 1.1902, 1.1624, 
Epoch: 902, Loss: 1.1624
Individual Losses: 1.1976, 1.2191, 1.0730, 1.0302, 1.1825, 1.1421, 1.1901, 1.1623, 
Epoch: 903, Loss: 1.1623
Individual Losses: 1.1970, 1.2190, 1.0729, 1.0301, 1.1826, 1.1419, 1.1900, 1.1623, 
Epoch: 904, Loss: 1.1623
Individual Losses: 1.1964, 1.2189, 1.0728, 1.0300, 1.1827, 1.1418, 1.1899, 1.1622, 
Epoch: 905, Loss: 1.1622
Individual Losses: 1.1958, 1.2188, 1.0727, 1.0299, 1.1828, 1.1417, 1.1899, 1.1621, 
Epoch: 906, Loss: 1.1621
Individual Losses: 1.1952, 1.2188, 1.0726, 1.0298, 1.1829, 1.1415, 1.1898, 1.1620, 
Epoch: 907, Loss: 1.1620
Individual Losses: 1.1947, 1.2187, 1.0725, 1.0297, 1.1830, 1.1414, 1.1897, 1.1619, 
Epoch: 908, Loss: 1.1619
Individual Losses: 1.1941, 1.2186, 1.0724, 1.0295, 1.1831, 1.1412, 1.1897, 1.1618, 
Epoch: 909, Loss: 1.1618
Individual Losses: 1.1935, 1.2185, 1.0723, 1.0294, 1.1832, 1.1411, 1.1896, 1.1617, 
Epoch: 910, Loss: 1.1617
Individual Losses: 1.1929, 1.2184, 1.0721, 1.0293, 1.1833, 1.1410, 1.1895, 1.1617, 
Epoch: 911, Loss: 1.1617
Individual Losses: 1.1923, 1.2184, 1.0720, 1.0292, 1.1835, 1.1408, 1.1895, 1.1616, 
Epoch: 912, Loss: 1.1616
Individual Losses: 1.1917, 1.2183, 1.0719, 1.0291, 1.1836, 1.1407, 1.1894, 1.1615, 
Epoch: 913, Loss: 1.1615
Individual Losses: 1.1911, 1.2182, 1.0718, 1.0289, 1.1837, 1.1406, 1.1893, 1.1614, 
Epoch: 914, Loss: 1.1614
Individual Losses: 1.1905, 1.2181, 1.0717, 1.0288, 1.1838, 1.1404, 1.1892, 1.1613, 
Epoch: 915, Loss: 1.1613
Individual Losses: 1.1899, 1.2180, 1.0716, 1.0287, 1.1839, 1.1403, 1.1892, 1.1612, 
Epoch: 916, Loss: 1.1612
Individual Losses: 1.1893, 1.2180, 1.0715, 1.0286, 1.1841, 1.1402, 1.1891, 1.1611, 
Epoch: 917, Loss: 1.1611
Individual Losses: 1.1887, 1.2179, 1.0714, 1.0285, 1.1842, 1.1400, 1.1890, 1.1610, 
Epoch: 918, Loss: 1.1610
Individual Losses: 1.1881, 1.2178, 1.0712, 1.0284, 1.1843, 1.1399, 1.1889, 1.1609, 
Epoch: 919, Loss: 1.1609
Individual Losses: 1.1875, 1.2177, 1.0711, 1.0282, 1.1844, 1.1398, 1.1889, 1.1608, 
Epoch: 920, Loss: 1.1608
Individual Losses: 1.1868, 1.2177, 1.0710, 1.0281, 1.1846, 1.1396, 1.1888, 1.1607, 
Epoch: 921, Loss: 1.1607
Individual Losses: 1.1862, 1.2176, 1.0709, 1.0280, 1.1847, 1.1395, 1.1887, 1.1606, 
Epoch: 922, Loss: 1.1606
Individual Losses: 1.1856, 1.2175, 1.0708, 1.0279, 1.1848, 1.1394, 1.1886, 1.1604, 
Epoch: 923, Loss: 1.1604
Individual Losses: 1.1850, 1.2174, 1.0707, 1.0278, 1.1849, 1.1393, 1.1885, 1.1603, 
Epoch: 924, Loss: 1.1603
Individual Losses: 1.1844, 1.2174, 1.0706, 1.0277, 1.1851, 1.1391, 1.1885, 1.1602, 
Epoch: 925, Loss: 1.1602
Individual Losses: 1.1838, 1.2173, 1.0705, 1.0275, 1.1852, 1.1390, 1.1884, 1.1601, 
Epoch: 926, Loss: 1.1601
Individual Losses: 1.1832, 1.2172, 1.0704, 1.0274, 1.1853, 1.1389, 1.1883, 1.1600, 
Epoch: 927, Loss: 1.1600
Individual Losses: 1.1825, 1.2172, 1.0702, 1.0273, 1.1855, 1.1388, 1.1882, 1.1599, 
Epoch: 928, Loss: 1.1599
Individual Losses: 1.1819, 1.2171, 1.0701, 1.0272, 1.1856, 1.1386, 1.1881, 1.1598, 
Epoch: 929, Loss: 1.1598
Individual Losses: 1.1813, 1.2170, 1.0700, 1.0271, 1.1857, 1.1385, 1.1881, 1.1596, 
Epoch: 930, Loss: 1.1596
Individual Losses: 1.1807, 1.2169, 1.0699, 1.0270, 1.1858, 1.1384, 1.1880, 1.1595, 
Epoch: 931, Loss: 1.1595
Individual Losses: 1.1801, 1.2169, 1.0698, 1.0269, 1.1860, 1.1383, 1.1879, 1.1594, 
Epoch: 932, Loss: 1.1594
Individual Losses: 1.1795, 1.2168, 1.0697, 1.0267, 1.1861, 1.1381, 1.1878, 1.1593, 
Epoch: 933, Loss: 1.1593
Individual Losses: 1.1788, 1.2167, 1.0696, 1.0266, 1.1862, 1.1380, 1.1877, 1.1591, 
Epoch: 934, Loss: 1.1591
Individual Losses: 1.1782, 1.2167, 1.0695, 1.0265, 1.1864, 1.1379, 1.1876, 1.1590, 
Epoch: 935, Loss: 1.1590
Individual Losses: 1.1776, 1.2166, 1.0694, 1.0264, 1.1865, 1.1378, 1.1875, 1.1589, 
Epoch: 936, Loss: 1.1589
Individual Losses: 1.1770, 1.2165, 1.0693, 1.0263, 1.1866, 1.1377, 1.1874, 1.1588, 
Epoch: 937, Loss: 1.1588
Individual Losses: 1.1764, 1.2164, 1.0692, 1.0262, 1.1868, 1.1375, 1.1874, 1.1586, 
Epoch: 938, Loss: 1.1586
Individual Losses: 1.1757, 1.2164, 1.0690, 1.0261, 1.1869, 1.1374, 1.1873, 1.1585, 
Epoch: 939, Loss: 1.1585
Individual Losses: 1.1751, 1.2163, 1.0689, 1.0260, 1.1870, 1.1373, 1.1872, 1.1584, 
Epoch: 940, Loss: 1.1584
Individual Losses: 1.1745, 1.2162, 1.0688, 1.0258, 1.1871, 1.1372, 1.1871, 1.1583, 
Epoch: 941, Loss: 1.1583
Individual Losses: 1.1739, 1.2162, 1.0687, 1.0257, 1.1873, 1.1371, 1.1870, 1.1581, 
Epoch: 942, Loss: 1.1581
Individual Losses: 1.1733, 1.2161, 1.0686, 1.0256, 1.1874, 1.1370, 1.1869, 1.1580, 
Epoch: 943, Loss: 1.1580
Individual Losses: 1.1727, 1.2160, 1.0685, 1.0255, 1.1875, 1.1369, 1.1868, 1.1579, 
Epoch: 944, Loss: 1.1579
Individual Losses: 1.1721, 1.2160, 1.0684, 1.0254, 1.1876, 1.1368, 1.1867, 1.1577, 
Epoch: 945, Loss: 1.1577
Individual Losses: 1.1714, 1.2159, 1.0683, 1.0253, 1.1877, 1.1366, 1.1866, 1.1576, 
Epoch: 946, Loss: 1.1576
Individual Losses: 1.1708, 1.2158, 1.0682, 1.0252, 1.1879, 1.1365, 1.1865, 1.1574, 
Epoch: 947, Loss: 1.1574
Individual Losses: 1.1702, 1.2158, 1.0681, 1.0251, 1.1880, 1.1364, 1.1864, 1.1573, 
Epoch: 948, Loss: 1.1573
Individual Losses: 1.1696, 1.2157, 1.0680, 1.0250, 1.1881, 1.1363, 1.1863, 1.1572, 
Epoch: 949, Loss: 1.1572
Individual Losses: 1.1690, 1.2156, 1.0679, 1.0249, 1.1882, 1.1362, 1.1862, 1.1570, 
Epoch: 950, Loss: 1.1570
Individual Losses: 1.1684, 1.2156, 1.0678, 1.0248, 1.1883, 1.1361, 1.1861, 1.1569, 
Epoch: 951, Loss: 1.1569
Individual Losses: 1.1678, 1.2155, 1.0677, 1.0246, 1.1885, 1.1360, 1.1860, 1.1568, 
Epoch: 952, Loss: 1.1568
Individual Losses: 1.1672, 1.2154, 1.0676, 1.0245, 1.1886, 1.1359, 1.1859, 1.1566, 
Epoch: 953, Loss: 1.1566
Individual Losses: 1.1666, 1.2154, 1.0675, 1.0244, 1.1887, 1.1358, 1.1858, 1.1565, 
Epoch: 954, Loss: 1.1565
Individual Losses: 1.1660, 1.2153, 1.0674, 1.0243, 1.1888, 1.1357, 1.1857, 1.1563, 
Epoch: 955, Loss: 1.1563
Individual Losses: 1.1654, 1.2152, 1.0673, 1.0242, 1.1889, 1.1356, 1.1856, 1.1562, 
Epoch: 956, Loss: 1.1562
Individual Losses: 1.1648, 1.2152, 1.0673, 1.0241, 1.1890, 1.1355, 1.1855, 1.1560, 
Epoch: 957, Loss: 1.1560
Individual Losses: 1.1642, 1.2151, 1.0672, 1.0240, 1.1891, 1.1354, 1.1854, 1.1559, 
Epoch: 958, Loss: 1.1559
Individual Losses: 1.1636, 1.2150, 1.0671, 1.0239, 1.1892, 1.1353, 1.1852, 1.1558, 
Epoch: 959, Loss: 1.1558
Individual Losses: 1.1630, 1.2150, 1.0670, 1.0238, 1.1893, 1.1352, 1.1851, 1.1556, 
Epoch: 960, Loss: 1.1556
Individual Losses: 1.1624, 1.2149, 1.0669, 1.0237, 1.1894, 1.1351, 1.1850, 1.1555, 
Epoch: 961, Loss: 1.1555
Individual Losses: 1.1618, 1.2148, 1.0668, 1.0236, 1.1895, 1.1350, 1.1849, 1.1553, 
Epoch: 962, Loss: 1.1553
Individual Losses: 1.1612, 1.2148, 1.0667, 1.0235, 1.1896, 1.1349, 1.1848, 1.1552, 
Epoch: 963, Loss: 1.1552
Individual Losses: 1.1606, 1.2147, 1.0666, 1.0234, 1.1897, 1.1348, 1.1847, 1.1550, 
Epoch: 964, Loss: 1.1550
Individual Losses: 1.1600, 1.2146, 1.0665, 1.0233, 1.1898, 1.1347, 1.1846, 1.1549, 
Epoch: 965, Loss: 1.1549
Individual Losses: 1.1594, 1.2146, 1.0664, 1.0232, 1.1899, 1.1346, 1.1845, 1.1547, 
Epoch: 966, Loss: 1.1547
Individual Losses: 1.1588, 1.2145, 1.0663, 1.0231, 1.1900, 1.1345, 1.1844, 1.1546, 
Epoch: 967, Loss: 1.1546
Individual Losses: 1.1583, 1.2144, 1.0663, 1.0230, 1.1901, 1.1344, 1.1843, 1.1544, 
Epoch: 968, Loss: 1.1544
Individual Losses: 1.1577, 1.2144, 1.0662, 1.0229, 1.1902, 1.1343, 1.1841, 1.1543, 
Epoch: 969, Loss: 1.1543
Individual Losses: 1.1571, 1.2143, 1.0661, 1.0228, 1.1903, 1.1342, 1.1840, 1.1541, 
Epoch: 970, Loss: 1.1541
Individual Losses: 1.1565, 1.2143, 1.0660, 1.0227, 1.1904, 1.1341, 1.1839, 1.1540, 
Epoch: 971, Loss: 1.1540
Individual Losses: 1.1559, 1.2142, 1.0659, 1.0226, 1.1905, 1.1340, 1.1838, 1.1538, 
Epoch: 972, Loss: 1.1538
Individual Losses: 1.1554, 1.2141, 1.0658, 1.0225, 1.1906, 1.1340, 1.1837, 1.1537, 
Epoch: 973, Loss: 1.1537
Individual Losses: 1.1548, 1.2141, 1.0657, 1.0224, 1.1907, 1.1339, 1.1836, 1.1535, 
Epoch: 974, Loss: 1.1535
Individual Losses: 1.1542, 1.2140, 1.0657, 1.0223, 1.1908, 1.1338, 1.1835, 1.1534, 
Epoch: 975, Loss: 1.1534
Individual Losses: 1.1536, 1.2139, 1.0656, 1.0222, 1.1908, 1.1337, 1.1833, 1.1532, 
Epoch: 976, Loss: 1.1532
Individual Losses: 1.1531, 1.2139, 1.0655, 1.0221, 1.1909, 1.1336, 1.1832, 1.1531, 
Epoch: 977, Loss: 1.1531
Individual Losses: 1.1525, 1.2138, 1.0654, 1.0220, 1.1910, 1.1335, 1.1831, 1.1529, 
Epoch: 978, Loss: 1.1529
Individual Losses: 1.1519, 1.2137, 1.0653, 1.0219, 1.1911, 1.1334, 1.1830, 1.1528, 
Epoch: 979, Loss: 1.1528
Individual Losses: 1.1514, 1.2137, 1.0653, 1.0218, 1.1912, 1.1333, 1.1829, 1.1526, 
Epoch: 980, Loss: 1.1526
Individual Losses: 1.1508, 1.2136, 1.0652, 1.0217, 1.1912, 1.1332, 1.1828, 1.1525, 
Epoch: 981, Loss: 1.1525
Individual Losses: 1.1502, 1.2136, 1.0651, 1.0216, 1.1913, 1.1332, 1.1826, 1.1523, 
Epoch: 982, Loss: 1.1523
Individual Losses: 1.1497, 1.2135, 1.0650, 1.0215, 1.1914, 1.1331, 1.1825, 1.1522, 
Epoch: 983, Loss: 1.1522
Individual Losses: 1.1491, 1.2134, 1.0649, 1.0214, 1.1915, 1.1330, 1.1824, 1.1520, 
Epoch: 984, Loss: 1.1520
Individual Losses: 1.1486, 1.2134, 1.0649, 1.0213, 1.1915, 1.1329, 1.1823, 1.1519, 
Epoch: 985, Loss: 1.1519
Individual Losses: 1.1480, 1.2133, 1.0648, 1.0212, 1.1916, 1.1328, 1.1822, 1.1517, 
Epoch: 986, Loss: 1.1517
Individual Losses: 1.1475, 1.2132, 1.0647, 1.0211, 1.1917, 1.1327, 1.1821, 1.1516, 
Epoch: 987, Loss: 1.1516
Individual Losses: 1.1469, 1.2132, 1.0646, 1.0210, 1.1918, 1.1326, 1.1819, 1.1514, 
Epoch: 988, Loss: 1.1514
Individual Losses: 1.1464, 1.2131, 1.0645, 1.0209, 1.1918, 1.1326, 1.1818, 1.1513, 
Epoch: 989, Loss: 1.1513
Individual Losses: 1.1458, 1.2131, 1.0645, 1.0208, 1.1919, 1.1325, 1.1817, 1.1511, 
Epoch: 990, Loss: 1.1511
Individual Losses: 1.1453, 1.2130, 1.0644, 1.0207, 1.1920, 1.1324, 1.1816, 1.1510, 
Epoch: 991, Loss: 1.1510
Individual Losses: 1.1447, 1.2129, 1.0643, 1.0206, 1.1920, 1.1323, 1.1815, 1.1508, 
Epoch: 992, Loss: 1.1508
Individual Losses: 1.1442, 1.2129, 1.0642, 1.0205, 1.1921, 1.1322, 1.1813, 1.1507, 
Epoch: 993, Loss: 1.1507
Individual Losses: 1.1436, 1.2128, 1.0642, 1.0204, 1.1922, 1.1321, 1.1812, 1.1505, 
Epoch: 994, Loss: 1.1505
Individual Losses: 1.1431, 1.2127, 1.0641, 1.0203, 1.1922, 1.1320, 1.1811, 1.1504, 
Epoch: 995, Loss: 1.1504
Individual Losses: 1.1426, 1.2127, 1.0640, 1.0202, 1.1923, 1.1320, 1.1810, 1.1502, 
Epoch: 996, Loss: 1.1502
Individual Losses: 1.1420, 1.2126, 1.0639, 1.0201, 1.1923, 1.1319, 1.1809, 1.1500, 
Epoch: 997, Loss: 1.1500
Individual Losses: 1.1415, 1.2126, 1.0639, 1.0200, 1.1924, 1.1318, 1.1808, 1.1499, 
Epoch: 998, Loss: 1.1499
Individual Losses: 1.1409, 1.2125, 1.0638, 1.0199, 1.1925, 1.1317, 1.1806, 1.1497, 
Epoch: 999, Loss: 1.1497
Data:tensor([ 1.3421,  0.0000,  0.0000,  0.0000,  0.0000,  0.0000,  0.0000,  0.0000,
         0.0000,  0.0000,  0.0000,  0.0000,  0.0000,  0.0000,  0.0000,  0.0000,
         0.0000,  0.0000,  0.0000, 19.5285])
Probabilities:tensor([8.3594e-01, 8.5222e-01, 6.4990e-01, 6.0248e-01, 5.7707e-01, 5.3487e-01,
        5.8579e-01, 5.9755e-01, 4.9571e-01, 4.9728e-01, 5.7529e-01, 5.8926e-01,
        6.3146e-01, 5.9938e-01, 3.9640e-01, 5.5949e-01, 3.2456e-01, 5.1732e-06,
        2.6399e-06, 4.3192e-08])
Preds:tensor([1., 1., 1., 1., 1., 1., 1., 1., 0., 0., 1., 1., 1., 1., 0., 1., 0., 0.,
        0., 0.])
Data:tensor([ 0.2289,  0.0000,  0.0000,  0.0000,  0.0000,  0.0000,  0.0000,  0.0000,
         0.0000,  0.0000,  0.0000,  0.0000,  0.0000,  0.0000,  0.0000,  0.0000,
         0.0000,  0.0000,  0.0000, 15.3096])
Probabilities:tensor([8.7081e-01, 7.4715e-01, 5.7209e-01, 4.7392e-01, 6.0850e-01, 5.8407e-01,
        5.7688e-01, 5.7570e-01, 4.4092e-01, 6.1372e-01, 6.2258e-01, 4.7896e-01,
        5.8480e-01, 6.0979e-01, 5.6041e-01, 5.2077e-01, 1.0920e-01, 3.1438e-06,
        2.8212e-08, 2.0452e-08])
Preds:tensor([1., 1., 1., 0., 1., 1., 1., 1., 0., 1., 1., 0., 1., 1., 1., 1., 0., 0.,
        0., 0.])
Data:tensor([21.6293,  0.0000,  0.0000,  0.0000,  0.0000,  0.0000,  0.0000,  0.0000,
         0.0000,  0.0000,  0.0000,  0.0000,  0.0000,  0.0000,  0.0000,  0.0000,
         0.0000,  0.0000,  0.0000,  5.8421])
Probabilities:tensor([7.6818e-09, 3.7701e-12, 2.0585e-09, 2.8317e-01, 5.9419e-01, 6.0022e-01,
        6.2003e-01, 5.8587e-01, 4.7243e-01, 4.8618e-01, 4.5224e-01, 5.9352e-01,
        6.5232e-01, 5.8985e-01, 4.9279e-01, 4.2693e-01, 6.5727e-01, 6.1696e-01,
        6.0552e-02, 5.3345e-04])
Preds:tensor([0., 0., 0., 0., 1., 1., 1., 1., 0., 0., 0., 1., 1., 1., 0., 0., 1., 1.,
        0., 0.])
Data:tensor([14.3832,  0.0000,  0.0000,  0.0000,  0.0000,  0.0000,  0.0000,  0.0000,
         0.0000,  0.0000,  0.0000,  0.0000,  0.0000,  0.0000,  0.0000,  0.0000,
         0.0000,  0.0000,  0.0000,  5.7408])
Probabilities:tensor([2.4526e-07, 3.5434e-10, 2.1620e-06, 9.3020e-02, 5.7225e-01, 5.3489e-01,
        6.0210e-01, 5.7350e-01, 5.0587e-01, 5.2084e-01, 6.3694e-01, 6.1556e-01,
        4.5267e-01, 5.7643e-01, 5.9299e-01, 5.2633e-01, 5.9495e-01, 2.6272e-01,
        3.1047e-01, 1.8926e-01])
Preds:tensor([0., 0., 0., 0., 1., 1., 1., 1., 1., 1., 1., 1., 0., 1., 1., 1., 1., 0.,
        0., 0.])
Data:tensor([9.3708, 0.0000, 0.0000, 0.0000, 0.0000, 0.0000, 0.0000, 0.0000, 0.0000,
        0.0000, 0.0000, 0.0000, 0.0000, 0.0000, 0.0000, 0.0000, 0.0000, 0.0000,
        0.0000, 9.9961])
Probabilities:tensor([0.0292, 0.0097, 0.0033, 0.2444, 0.4732, 0.6283, 0.6286, 0.4832, 0.4868,
        0.6505, 0.6253, 0.4000, 0.5667, 0.5729, 0.4833, 0.6044, 0.2312, 0.0093,
        0.0021, 0.0069])
Preds:tensor([0., 0., 0., 0., 0., 1., 1., 0., 0., 1., 1., 0., 1., 1., 0., 1., 0., 0.,
        0., 0.])
Data:tensor([10.8220,  0.0000,  0.0000,  0.0000,  0.0000,  0.0000,  0.0000,  0.0000,
         0.0000,  0.0000,  0.0000,  0.0000,  0.0000,  0.0000,  0.0000,  0.0000,
         0.0000,  0.0000,  0.0000,  9.4801])
Probabilities:tensor([7.0572e-08, 1.7855e-04, 3.3063e-01, 4.7878e-01, 5.9221e-01, 5.8501e-01,
        5.7486e-01, 5.6263e-01, 5.2614e-01, 5.6256e-01, 5.1021e-01, 5.1215e-01,
        6.0707e-01, 6.1559e-01, 5.3886e-01, 5.6296e-01, 5.2839e-01, 3.3794e-03,
        4.3123e-03, 2.7387e-04])
Preds:tensor([0., 0., 0., 0., 1., 1., 1., 1., 1., 1., 1., 1., 1., 1., 1., 1., 1., 0.,
        0., 0.])
Data:tensor([9.0827, 0.0000, 0.0000, 0.0000, 0.0000, 0.0000, 0.0000, 0.0000, 0.0000,
        0.0000, 0.0000, 0.0000, 0.0000, 0.0000, 0.0000, 0.0000, 0.0000, 0.0000,
        0.0000, 8.4057])
Probabilities:tensor([3.0464e-02, 1.7058e-02, 4.3371e-02, 1.1027e-01, 5.6616e-01, 5.7904e-01,
        5.7265e-01, 5.9734e-01, 5.1884e-01, 5.6623e-01, 5.5088e-01, 5.2961e-01,
        5.9683e-01, 5.8817e-01, 5.6730e-01, 5.8197e-01, 1.4844e-01, 4.2852e-03,
        5.6566e-04, 1.6018e-02])
Preds:tensor([0., 0., 0., 0., 1., 1., 1., 1., 1., 1., 1., 1., 1., 1., 1., 1., 0., 0.,
        0., 0.])
Data:tensor([10.6283,  0.0000,  0.0000,  0.0000,  0.0000,  0.0000,  0.0000,  0.0000,
         0.0000,  0.0000,  0.0000,  0.0000,  0.0000,  0.0000,  0.0000,  0.0000,
         0.0000,  0.0000,  0.0000,  9.2952])
Probabilities:tensor([3.5750e-06, 2.7723e-05, 1.4978e-02, 3.2308e-01, 6.2497e-01, 6.3889e-01,
        4.5968e-01, 5.3854e-01, 5.1980e-01, 5.9244e-01, 5.8541e-01, 5.4638e-01,
        5.7504e-01, 5.2994e-01, 5.3839e-01, 5.8099e-01, 1.4899e-01, 2.1028e-01,
        7.1996e-06, 1.3592e-03])
Preds:tensor([0., 0., 0., 0., 1., 1., 0., 1., 1., 1., 1., 1., 1., 1., 1., 1., 0., 0.,
        0., 0.])
Data:tensor([10.4075,  0.0000,  0.0000,  0.0000,  0.0000,  0.0000,  0.0000,  0.0000,
         0.0000,  0.0000,  0.0000,  0.0000,  0.0000,  0.0000,  0.0000,  0.0000,
         0.0000,  0.0000,  0.0000, 11.7621])
Probabilities:tensor([1.9598e-03, 1.3576e-06, 3.1056e-04, 3.4289e-01, 6.2914e-01, 6.6582e-01,
        5.0585e-01, 4.7897e-01, 4.5455e-01, 6.2580e-01, 6.1702e-01, 4.3355e-01,
        5.7358e-01, 5.9570e-01, 5.9668e-01, 5.7914e-01, 3.7253e-01, 7.3277e-03,
        4.3361e-04, 2.0134e-08])
Preds:tensor([0., 0., 0., 0., 1., 1., 1., 0., 0., 1., 1., 0., 1., 1., 1., 1., 0., 0.,
        0., 0.])
Data:tensor([ 6.6630,  0.0000,  0.0000,  0.0000,  0.0000,  0.0000,  0.0000,  0.0000,
         0.0000,  0.0000,  0.0000,  0.0000,  0.0000,  0.0000,  0.0000,  0.0000,
         0.0000,  0.0000,  0.0000, 15.9584])
Probabilities:tensor([2.6945e-01, 2.0002e-01, 1.2330e-01, 5.7104e-01, 5.8215e-01, 5.0767e-01,
        5.8555e-01, 6.1174e-01, 5.5793e-01, 4.7124e-01, 5.8282e-01, 6.1395e-01,
        5.3656e-01, 4.7247e-01, 6.5390e-01, 6.1662e-01, 3.1685e-01, 3.2712e-04,
        3.8962e-04, 2.4647e-08])
Preds:tensor([0., 0., 0., 1., 1., 1., 1., 1., 1., 0., 1., 1., 1., 0., 1., 1., 0., 0.,
        0., 0.])
Data:tensor([7.8102, 0.0000, 0.0000, 0.0000, 0.0000, 0.0000, 0.0000, 0.0000, 0.0000,
        0.0000, 0.0000, 0.0000, 0.0000, 0.0000, 0.0000, 0.0000, 0.0000, 0.0000,
        0.0000, 6.6371])
Probabilities:tensor([1.5504e-01, 6.1430e-02, 4.3454e-02, 4.0961e-01, 5.4510e-01, 5.3347e-01,
        5.0722e-01, 6.0384e-01, 5.9893e-01, 5.2215e-01, 5.8624e-01, 5.8014e-01,
        5.0635e-01, 5.6991e-01, 5.9070e-01, 5.9610e-01, 5.9473e-01, 5.5474e-01,
        4.9293e-01, 8.4930e-10])
Preds:tensor([0., 0., 0., 0., 1., 1., 1., 1., 1., 1., 1., 1., 1., 1., 1., 1., 1., 1.,
        0., 0.])
Data:tensor([ 8.0092,  0.0000,  0.0000,  0.0000,  0.0000,  0.0000,  0.0000,  0.0000,
         0.0000,  0.0000,  0.0000,  0.0000,  0.0000,  0.0000,  0.0000,  0.0000,
         0.0000,  0.0000,  0.0000, 13.1197])
Probabilities:tensor([4.7457e-08, 4.9594e-03, 4.0061e-01, 6.9282e-01, 6.1451e-01, 5.0360e-01,
        5.3658e-01, 5.9566e-01, 5.8188e-01, 5.5765e-01, 4.9247e-01, 4.8885e-01,
        5.9335e-01, 6.6028e-01, 5.9924e-01, 4.6914e-01, 9.7447e-03, 2.7891e-05,
        1.0346e-08, 6.7697e-08])
Preds:tensor([0., 0., 0., 1., 1., 1., 1., 1., 1., 1., 0., 0., 1., 1., 1., 0., 0., 0.,
        0., 0.])
Data:tensor([ 0.6934,  0.0000,  0.0000,  0.0000,  0.0000,  0.0000,  0.0000,  0.0000,
         0.0000,  0.0000,  0.0000,  0.0000,  0.0000,  0.0000,  0.0000,  0.0000,
         0.0000,  0.0000,  0.0000, 15.0811])
Probabilities:tensor([8.2854e-01, 4.8611e-01, 6.2030e-01, 5.8586e-01, 5.2286e-01, 5.6418e-01,
        6.1202e-01, 5.4056e-01, 5.4193e-01, 5.0532e-01, 6.0592e-01, 6.0245e-01,
        4.8020e-01, 5.2151e-01, 6.2030e-01, 6.1470e-01, 1.4173e-02, 7.4061e-03,
        9.3170e-09, 2.4823e-06])
Preds:tensor([1., 0., 1., 1., 1., 1., 1., 1., 1., 1., 1., 1., 0., 1., 1., 1., 0., 0.,
        0., 0.])
Data:tensor([ 9.3940,  0.0000,  0.0000,  0.0000,  0.0000,  0.0000,  0.0000,  0.0000,
         0.0000,  0.0000,  0.0000,  0.0000,  0.0000,  0.0000,  0.0000,  0.0000,
         0.0000,  0.0000,  0.0000, 11.1271])
Probabilities:tensor([9.5795e-03, 3.3778e-06, 2.9804e-03, 5.1049e-01, 6.0234e-01, 6.0068e-01,
        5.5073e-01, 5.3609e-01, 5.4416e-01, 6.0388e-01, 5.2527e-01, 4.4492e-01,
        5.8621e-01, 6.4924e-01, 5.7201e-01, 5.1540e-01, 5.6073e-01, 5.6364e-04,
        1.4091e-05, 9.1715e-06])
Preds:tensor([0., 0., 0., 1., 1., 1., 1., 1., 1., 1., 1., 0., 1., 1., 1., 1., 1., 0.,
        0., 0.])
Data:tensor([7.4833, 0.0000, 0.0000, 0.0000, 0.0000, 0.0000, 0.0000, 0.0000, 0.0000,
        0.0000, 0.0000, 0.0000, 0.0000, 0.0000, 0.0000, 0.0000, 0.0000, 0.0000,
        0.0000, 7.7349])
Probabilities:tensor([1.5227e-09, 2.6798e-01, 3.5301e-01, 7.4013e-01, 5.2256e-01, 5.2949e-01,
        5.1617e-01, 5.9922e-01, 6.0160e-01, 5.1053e-01, 5.4176e-01, 4.7589e-01,
        6.1947e-01, 6.3354e-01, 5.1639e-01, 5.0450e-01, 2.2512e-01, 1.1070e-01,
        8.2454e-02, 1.7091e-01])
Preds:tensor([0., 0., 0., 1., 1., 1., 1., 1., 1., 1., 1., 0., 1., 1., 1., 1., 0., 0.,
        0., 0.])
Data:tensor([15.7130,  0.0000,  0.0000,  0.0000,  0.0000,  0.0000,  0.0000,  0.0000,
         0.0000,  0.0000,  0.0000,  0.0000,  0.0000,  0.0000,  0.0000,  0.0000,
         0.0000,  0.0000,  0.0000,  0.9394])
Probabilities:tensor([7.3348e-09, 1.2072e-10, 7.3842e-07, 1.0796e-02, 5.8877e-01, 5.7326e-01,
        5.2853e-01, 5.6386e-01, 5.5454e-01, 5.0204e-01, 5.7431e-01, 6.0663e-01,
        5.7114e-01, 5.8864e-01, 5.9433e-01, 5.4121e-01, 5.6560e-01, 7.2568e-01,
        9.1368e-01, 9.0305e-01])
Preds:tensor([0., 0., 0., 0., 1., 1., 1., 1., 1., 1., 1., 1., 1., 1., 1., 1., 1., 1.,
        1., 1.])
Data:tensor([7.5623, 0.0000, 0.0000, 0.0000, 0.0000, 0.0000, 0.0000, 0.0000, 0.0000,
        0.0000, 0.0000, 0.0000, 0.0000, 0.0000, 0.0000, 0.0000, 0.0000, 0.0000,
        0.0000, 4.9798])
Probabilities:tensor([2.2400e-07, 1.1078e-02, 3.9299e-01, 5.7960e-01, 6.0639e-01, 5.7746e-01,
        5.3265e-01, 5.1130e-01, 6.1064e-01, 5.6563e-01, 4.6656e-01, 6.0673e-01,
        5.9459e-01, 5.6223e-01, 5.6563e-01, 4.8850e-01, 5.4206e-01, 5.2793e-01,
        6.8859e-01, 2.6484e-03])
Preds:tensor([0., 0., 0., 1., 1., 1., 1., 1., 1., 1., 0., 1., 1., 1., 1., 0., 1., 1.,
        1., 0.])
Data:tensor([ 3.5607,  0.0000,  0.0000,  0.0000,  0.0000,  0.0000,  0.0000,  0.0000,
         0.0000,  0.0000,  0.0000,  0.0000,  0.0000,  0.0000,  0.0000,  0.0000,
         0.0000,  0.0000,  0.0000, 12.8729])
Probabilities:tensor([3.5563e-01, 5.9298e-01, 6.6989e-01, 7.5064e-01, 5.2629e-01, 5.5527e-01,
        6.1260e-01, 6.0918e-01, 4.6369e-01, 5.7623e-01, 5.8922e-01, 4.9107e-01,
        5.8767e-01, 6.1297e-01, 5.1516e-01, 5.6136e-01, 5.2404e-01, 7.7453e-02,
        6.1870e-04, 9.0321e-09])
Preds:tensor([0., 1., 1., 1., 1., 1., 1., 1., 0., 1., 1., 0., 1., 1., 1., 1., 1., 0.,
        0., 0.])
Data:tensor([ 3.3309,  0.0000,  0.0000,  0.0000,  0.0000,  0.0000,  0.0000,  0.0000,
         0.0000,  0.0000,  0.0000,  0.0000,  0.0000,  0.0000,  0.0000,  0.0000,
         0.0000,  0.0000,  0.0000, 13.4399])
Probabilities:tensor([2.8656e-01, 7.1809e-01, 7.0188e-01, 5.6834e-01, 5.9924e-01, 5.6931e-01,
        4.7727e-01, 6.1803e-01, 6.0486e-01, 4.7212e-01, 5.0989e-01, 6.1163e-01,
        6.2543e-01, 5.5488e-01, 5.1459e-01, 5.4036e-01, 5.4130e-01, 6.0409e-01,
        5.9943e-01, 3.4004e-10])
Preds:tensor([0., 1., 1., 1., 1., 1., 0., 1., 1., 0., 1., 1., 1., 1., 1., 1., 1., 1.,
        1., 0.])
Data:tensor([20.3038,  0.0000,  0.0000,  0.0000,  0.0000,  0.0000,  0.0000,  0.0000,
         0.0000,  0.0000,  0.0000,  0.0000,  0.0000,  0.0000,  0.0000,  0.0000,
         0.0000,  0.0000,  0.0000,  2.0885])
Probabilities:tensor([4.7793e-09, 1.0625e-10, 9.0356e-09, 2.5138e-01, 6.1300e-01, 6.1504e-01,
        5.0218e-01, 5.7505e-01, 5.7267e-01, 4.7155e-01, 6.2120e-01, 6.3031e-01,
        4.8313e-01, 4.7121e-01, 5.4534e-01, 6.0375e-01, 7.0778e-01, 6.6387e-01,
        7.3143e-01, 7.0123e-01])
Preds:tensor([0., 0., 0., 0., 1., 1., 1., 1., 1., 0., 1., 1., 0., 0., 1., 1., 1., 1.,
        1., 1.])
Accuracy: 0.4000, Precision: 0.0528, Recall: 0.6500, F1: 0.0977
